WARNING: VerifyWarning: It is strongly recommended that column names contain only upper and lower-case ASCII letters, digits, or underscores for maximum compatibility with other software (got '[Fe/H]'). [astropy.io.fits.column]
WARNING: VerifyWarning: It is strongly recommended that column names contain only upper and lower-case ASCII letters, digits, or underscores for maximum compatibility with other software (got '[Fe/H]_err'). [astropy.io.fits.column]
WARNING: VerifyWarning: It is strongly recommended that column names contain only upper and lower-case ASCII letters, digits, or underscores for maximum compatibility with other software (got '[Fe/H]_lerr'). [astropy.io.fits.column]
WARNING: VerifyWarning: It is strongly recommended that column names contain only upper and lower-case ASCII letters, digits, or underscores for maximum compatibility with other software (got '[Fe/H]_uerr'). [astropy.io.fits.column]
WARNING: VerifyWarning: It is strongly recommended that column names contain only upper and lower-case ASCII letters, digits, or underscores for maximum compatibility with other software (got '[a/Fe]'). [astropy.io.fits.column]
WARNING: VerifyWarning: It is strongly recommended that column names contain only upper and lower-case ASCII letters, digits, or underscores for maximum compatibility with other software (got '[a/Fe]_err'). [astropy.io.fits.column]
WARNING: VerifyWarning: It is strongly recommended that column names contain only upper and lower-case ASCII letters, digits, or underscores for maximum compatibility with other software (got '[a/Fe]_lerr'). [astropy.io.fits.column]
WARNING: VerifyWarning: It is strongly recommended that column names contain only upper and lower-case ASCII letters, digits, or underscores for maximum compatibility with other software (got '[a/Fe]_uerr'). [astropy.io.fits.column]
/home/wichmand-laf/binaries-research/NGC6866_6811/bimodalcheck.py:115: DeprecationWarning: Conversion of an array with ndim > 0 to a scalar is deprecated, and will error in future. Ensure you extract a single element from your array before performing this operation. (Deprecated NumPy 1.25.)
  mode1 = float(mode1)
/home/wichmand-laf/binaries-research/NGC6866_6811/bimodalcheck.py:123: DeprecationWarning: Conversion of an array with ndim > 0 to a scalar is deprecated, and will error in future. Ensure you extract a single element from your array before performing this operation. (Deprecated NumPy 1.25.)
  mode2 = float(mode2)
/home/wichmand-laf/binaries-research/NGC6866_6811/bimodalcheck.py:115: DeprecationWarning: Conversion of an array with ndim > 0 to a scalar is deprecated, and will error in future. Ensure you extract a single element from your array before performing this operation. (Deprecated NumPy 1.25.)
  mode1 = float(mode1)
/home/wichmand-laf/binaries-research/NGC6866_6811/bimodalcheck.py:123: DeprecationWarning: Conversion of an array with ndim > 0 to a scalar is deprecated, and will error in future. Ensure you extract a single element from your array before performing this operation. (Deprecated NumPy 1.25.)
  mode2 = float(mode2)
/home/wichmand-laf/binaries-research/NGC6866_6811/bimodalcheck.py:115: DeprecationWarning: Conversion of an array with ndim > 0 to a scalar is deprecated, and will error in future. Ensure you extract a single element from your array before performing this operation. (Deprecated NumPy 1.25.)
  mode1 = float(mode1)
/home/wichmand-laf/binaries-research/NGC6866_6811/bimodalcheck.py:123: DeprecationWarning: Conversion of an array with ndim > 0 to a scalar is deprecated, and will error in future. Ensure you extract a single element from your array before performing this operation. (Deprecated NumPy 1.25.)
  mode2 = float(mode2)
2075868096305861120: skipping, no Joker samples
2075868955299329408: skipping, no Joker samples
2075869024018818944: skipping, no Joker samples
2075869058378560640: skipping, no Joker samples
2075869058379529344: skipping, no Joker samples
2075870501487767680: skipping, no Joker samples
2075871150015814784: is_P_Kmodal failed: ufunc 'add' did not contain a loop with signature matching types (dtype([('e', '<f8'), ('omega', '<f8'), ('M0', '<f8'), ('s', '<f8'), ('P', '<f8'), ('ln_prior', '<f8')]), dtype('<f8')) -> None
2075871150015814784: unimodal=0, bimodal=-1, MCMC=0
2075871253098189440: is_P_Kmodal failed: ufunc 'add' did not contain a loop with signature matching types (dtype([('e', '<f8'), ('omega', '<f8'), ('M0', '<f8'), ('s', '<f8'), ('P', '<f8'), ('ln_prior', '<f8')]), dtype('<f8')) -> None
2075871253098189440: unimodal=0, bimodal=-1, MCMC=0
2075871257401905280: is_P_Kmodal failed: ufunc 'add' did not contain a loop with signature matching types (dtype([('e', '<f8'), ('omega', '<f8'), ('M0', '<f8'), ('s', '<f8'), ('P', '<f8'), ('ln_prior', '<f8')]), dtype('<f8')) -> None
2075871257401905280: unimodal=0, bimodal=-1, MCMC=0
2075871532279882368: is_P_Kmodal failed: ufunc 'add' did not contain a loop with signature matching types (dtype([('e', '<f8'), ('omega', '<f8'), ('M0', '<f8'), ('s', '<f8'), ('P', '<f8'), ('ln_prior', '<f8')]), dtype('<f8')) -> None
2075871532279882368: unimodal=0, bimodal=-1, MCMC=0
2075871807157785856: is_P_Kmodal failed: ufunc 'add' did not contain a loop with signature matching types (dtype([('e', '<f8'), ('omega', '<f8'), ('M0', '<f8'), ('s', '<f8'), ('P', '<f8'), ('ln_prior', '<f8')]), dtype('<f8')) -> None
2075871807157785856: unimodal=0, bimodal=-1, MCMC=0
2075872356913627520: is_P_Kmodal failed: ufunc 'add' did not contain a loop with signature matching types (dtype([('e', '<f8'), ('omega', '<f8'), ('M0', '<f8'), ('s', '<f8'), ('P', '<f8'), ('ln_prior', '<f8')]), dtype('<f8')) -> None
2075872356913627520: unimodal=0, bimodal=-1, MCMC=0
2075872941029111552: is_P_Kmodal failed: ufunc 'add' did not contain a loop with signature matching types (dtype([('e', '<f8'), ('omega', '<f8'), ('M0', '<f8'), ('s', '<f8'), ('P', '<f8'), ('ln_prior', '<f8')]), dtype('<f8')) -> None
2075872941029111552: unimodal=0, bimodal=-1, MCMC=0
2075873284626528640: is_P_Kmodal failed: ufunc 'add' did not contain a loop with signature matching types (dtype([('e', '<f8'), ('omega', '<f8'), ('M0', '<f8'), ('s', '<f8'), ('P', '<f8'), ('ln_prior', '<f8')]), dtype('<f8')) -> None
2075873284626528640: unimodal=0, bimodal=-1, MCMC=0
2075873387705752064: is_P_Kmodal failed: ufunc 'add' did not contain a loop with signature matching types (dtype([('e', '<f8'), ('omega', '<f8'), ('M0', '<f8'), ('s', '<f8'), ('P', '<f8'), ('ln_prior', '<f8')]), dtype('<f8')) -> None
2075873387705752064: unimodal=0, bimodal=-1, MCMC=0
2075873525144721536: is_P_Kmodal failed: ufunc 'add' did not contain a loop with signature matching types (dtype([('e', '<f8'), ('omega', '<f8'), ('M0', '<f8'), ('s', '<f8'), ('P', '<f8'), ('ln_prior', '<f8')]), dtype('<f8')) -> None
2075873525144721536: unimodal=0, bimodal=-1, MCMC=0
2075874074900400896: is_P_Kmodal failed: ufunc 'add' did not contain a loop with signature matching types (dtype([('e', '<f8'), ('omega', '<f8'), ('M0', '<f8'), ('s', '<f8'), ('P', '<f8'), ('ln_prior', '<f8')]), dtype('<f8')) -> None
2075874074900400896: unimodal=0, bimodal=-1, MCMC=0
2075874246699122816: is_P_Kmodal failed: ufunc 'add' did not contain a loop with signature matching types (dtype([('e', '<f8'), ('omega', '<f8'), ('M0', '<f8'), ('s', '<f8'), ('P', '<f8'), ('ln_prior', '<f8')]), dtype('<f8')) -> None
2075874246699122816: unimodal=0, bimodal=-1, MCMC=0
2075874418497944704: is_P_Kmodal failed: ufunc 'add' did not contain a loop with signature matching types (dtype([('e', '<f8'), ('omega', '<f8'), ('M0', '<f8'), ('s', '<f8'), ('P', '<f8'), ('ln_prior', '<f8')]), dtype('<f8')) -> None
2075874418497944704: unimodal=0, bimodal=-1, MCMC=0
2075874452857533184: is_P_Kmodal failed: ufunc 'add' did not contain a loop with signature matching types (dtype([('e', '<f8'), ('omega', '<f8'), ('M0', '<f8'), ('s', '<f8'), ('P', '<f8'), ('ln_prior', '<f8')]), dtype('<f8')) -> None
2075874452857533184: unimodal=0, bimodal=-1, MCMC=0
2075874482910553856: is_P_Kmodal failed: ufunc 'add' did not contain a loop with signature matching types (dtype([('e', '<f8'), ('omega', '<f8'), ('M0', '<f8'), ('s', '<f8'), ('P', '<f8'), ('ln_prior', '<f8')]), dtype('<f8')) -> None
2075874482910553856: unimodal=0, bimodal=-1, MCMC=0
2075875071332796928: is_P_Kmodal failed: ufunc 'add' did not contain a loop with signature matching types (dtype([('e', '<f8'), ('omega', '<f8'), ('M0', '<f8'), ('s', '<f8'), ('P', '<f8'), ('ln_prior', '<f8')]), dtype('<f8')) -> None
2075875071332796928: unimodal=0, bimodal=-1, MCMC=0
2075875307544319616: is_P_Kmodal failed: ufunc 'add' did not contain a loop with signature matching types (dtype([('e', '<f8'), ('omega', '<f8'), ('M0', '<f8'), ('s', '<f8'), ('P', '<f8'), ('ln_prior', '<f8')]), dtype('<f8')) -> None
2075875307544319616: unimodal=0, bimodal=-1, MCMC=0
2075875311850991488: is_P_Kmodal failed: ufunc 'add' did not contain a loop with signature matching types (dtype([('e', '<f8'), ('omega', '<f8'), ('M0', '<f8'), ('s', '<f8'), ('P', '<f8'), ('ln_prior', '<f8')]), dtype('<f8')) -> None
2075875311850991488: unimodal=0, bimodal=-1, MCMC=0
2075875552369147904: is_P_Kmodal failed: ufunc 'add' did not contain a loop with signature matching types (dtype([('e', '<f8'), ('omega', '<f8'), ('M0', '<f8'), ('s', '<f8'), ('P', '<f8'), ('ln_prior', '<f8')]), dtype('<f8')) -> None
2075875552369147904: unimodal=0, bimodal=-1, MCMC=0
2075875586728894208: is_P_Kmodal failed: ufunc 'add' did not contain a loop with signature matching types (dtype([('e', '<f8'), ('omega', '<f8'), ('M0', '<f8'), ('s', '<f8'), ('P', '<f8'), ('ln_prior', '<f8')]), dtype('<f8')) -> None
2075875586728894208: unimodal=0, bimodal=-1, MCMC=0
2075875655448388736: is_P_Kmodal failed: ufunc 'add' did not contain a loop with signature matching types (dtype([('e', '<f8'), ('omega', '<f8'), ('M0', '<f8'), ('s', '<f8'), ('P', '<f8'), ('ln_prior', '<f8')]), dtype('<f8')) -> None
2075875655448388736: unimodal=0, bimodal=-1, MCMC=0
2075875655448389120: is_P_Kmodal failed: ufunc 'add' did not contain a loop with signature matching types (dtype([('e', '<f8'), ('omega', '<f8'), ('M0', '<f8'), ('s', '<f8'), ('P', '<f8'), ('ln_prior', '<f8')]), dtype('<f8')) -> None
2075875655448389120: unimodal=0, bimodal=-1, MCMC=0
2075875655448396160: is_P_Kmodal failed: ufunc 'add' did not contain a loop with signature matching types (dtype([('e', '<f8'), ('omega', '<f8'), ('M0', '<f8'), ('s', '<f8'), ('P', '<f8'), ('ln_prior', '<f8')]), dtype('<f8')) -> None
2075875655448396160: unimodal=0, bimodal=-1, MCMC=0
2075875685501488896: is_P_Kmodal failed: ufunc 'add' did not contain a loop with signature matching types (dtype([('e', '<f8'), ('omega', '<f8'), ('M0', '<f8'), ('s', '<f8'), ('P', '<f8'), ('ln_prior', '<f8')]), dtype('<f8')) -> None
2075875685501488896: unimodal=0, bimodal=-1, MCMC=0
2075875758527633536: is_P_Kmodal failed: ufunc 'add' did not contain a loop with signature matching types (dtype([('e', '<f8'), ('omega', '<f8'), ('M0', '<f8'), ('s', '<f8'), ('P', '<f8'), ('ln_prior', '<f8')]), dtype('<f8')) -> None
2075875758527633536: unimodal=0, bimodal=-1, MCMC=0
2075875827247111552: is_P_Kmodal failed: ufunc 'add' did not contain a loop with signature matching types (dtype([('e', '<f8'), ('omega', '<f8'), ('M0', '<f8'), ('s', '<f8'), ('P', '<f8'), ('ln_prior', '<f8')]), dtype('<f8')) -> None
2075875827247111552: unimodal=0, bimodal=-1, MCMC=0
2075875999045835136: is_P_Kmodal failed: ufunc 'add' did not contain a loop with signature matching types (dtype([('e', '<f8'), ('omega', '<f8'), ('M0', '<f8'), ('s', '<f8'), ('P', '<f8'), ('ln_prior', '<f8')]), dtype('<f8')) -> None
2075875999045835136: unimodal=0, bimodal=-1, MCMC=0
2075876136484763904: is_P_Kmodal failed: ufunc 'add' did not contain a loop with signature matching types (dtype([('e', '<f8'), ('omega', '<f8'), ('M0', '<f8'), ('s', '<f8'), ('P', '<f8'), ('ln_prior', '<f8')]), dtype('<f8')) -> None
2075876136484763904: unimodal=0, bimodal=-1, MCMC=0
2075876170844515840: is_P_Kmodal failed: ufunc 'add' did not contain a loop with signature matching types (dtype([('e', '<f8'), ('omega', '<f8'), ('M0', '<f8'), ('s', '<f8'), ('P', '<f8'), ('ln_prior', '<f8')]), dtype('<f8')) -> None
2075876170844515840: unimodal=0, bimodal=-1, MCMC=0
2075876411362723328: is_P_Kmodal failed: ufunc 'add' did not contain a loop with signature matching types (dtype([('e', '<f8'), ('omega', '<f8'), ('M0', '<f8'), ('s', '<f8'), ('P', '<f8'), ('ln_prior', '<f8')]), dtype('<f8')) -> None
2075876411362723328: unimodal=0, bimodal=-1, MCMC=0
2075876445722470784: is_P_Kmodal failed: ufunc 'add' did not contain a loop with signature matching types (dtype([('e', '<f8'), ('omega', '<f8'), ('M0', '<f8'), ('s', '<f8'), ('P', '<f8'), ('ln_prior', '<f8')]), dtype('<f8')) -> None
2075876445722470784: unimodal=0, bimodal=-1, MCMC=0
2075876583157943808: is_P_Kmodal failed: ufunc 'add' did not contain a loop with signature matching types (dtype([('e', '<f8'), ('omega', '<f8'), ('M0', '<f8'), ('s', '<f8'), ('P', '<f8'), ('ln_prior', '<f8')]), dtype('<f8')) -> None
2075876583157943808: unimodal=0, bimodal=-1, MCMC=0
2075876583161403392: is_P_Kmodal failed: ufunc 'add' did not contain a loop with signature matching types (dtype([('e', '<f8'), ('omega', '<f8'), ('M0', '<f8'), ('s', '<f8'), ('P', '<f8'), ('ln_prior', '<f8')]), dtype('<f8')) -> None
2075876583161403392: unimodal=0, bimodal=-1, MCMC=0
2075876617521142016: is_P_Kmodal failed: ufunc 'add' did not contain a loop with signature matching types (dtype([('e', '<f8'), ('omega', '<f8'), ('M0', '<f8'), ('s', '<f8'), ('P', '<f8'), ('ln_prior', '<f8')]), dtype('<f8')) -> None
2075876617521142016: unimodal=0, bimodal=-1, MCMC=0
2075876651880868224: is_P_Kmodal failed: ufunc 'add' did not contain a loop with signature matching types (dtype([('e', '<f8'), ('omega', '<f8'), ('M0', '<f8'), ('s', '<f8'), ('P', '<f8'), ('ln_prior', '<f8')]), dtype('<f8')) -> None
2075876651880868224: unimodal=0, bimodal=-1, MCMC=0
2075876754960126208: is_P_Kmodal failed: ufunc 'add' did not contain a loop with signature matching types (dtype([('e', '<f8'), ('omega', '<f8'), ('M0', '<f8'), ('s', '<f8'), ('P', '<f8'), ('ln_prior', '<f8')]), dtype('<f8')) -> None
2075876754960126208: unimodal=0, bimodal=-1, MCMC=0
2075876961118480512: is_P_Kmodal failed: ufunc 'add' did not contain a loop with signature matching types (dtype([('e', '<f8'), ('omega', '<f8'), ('M0', '<f8'), ('s', '<f8'), ('P', '<f8'), ('ln_prior', '<f8')]), dtype('<f8')) -> None
2075876961118480512: unimodal=0, bimodal=-1, MCMC=0
2075877064197704064: is_P_Kmodal failed: setting an array element with a sequence. The requested array would exceed the maximum number of dimension of 64.
2075877064197704064: unimodal=0, bimodal=-1, MCMC=0
2075877098557450112: is_P_Kmodal failed: ufunc 'add' did not contain a loop with signature matching types (dtype([('e', '<f8'), ('omega', '<f8'), ('M0', '<f8'), ('s', '<f8'), ('P', '<f8'), ('ln_prior', '<f8')]), dtype('<f8')) -> None
2075877098557450112: unimodal=0, bimodal=-1, MCMC=0
2075877373435347072: is_P_Kmodal failed: ufunc 'add' did not contain a loop with signature matching types (dtype([('e', '<f8'), ('omega', '<f8'), ('M0', '<f8'), ('s', '<f8'), ('P', '<f8'), ('ln_prior', '<f8')]), dtype('<f8')) -> None
2075877373435347072: unimodal=0, bimodal=-1, MCMC=0
2075877373435348096: is_P_Kmodal failed: ufunc 'add' did not contain a loop with signature matching types (dtype([('e', '<f8'), ('omega', '<f8'), ('M0', '<f8'), ('s', '<f8'), ('P', '<f8'), ('ln_prior', '<f8')]), dtype('<f8')) -> None
2075877373435348096: unimodal=0, bimodal=-1, MCMC=0
2075877373435354240: is_P_Kmodal failed: ufunc 'add' did not contain a loop with signature matching types (dtype([('e', '<f8'), ('omega', '<f8'), ('M0', '<f8'), ('s', '<f8'), ('P', '<f8'), ('ln_prior', '<f8')]), dtype('<f8')) -> None
2075877373435354240: unimodal=0, bimodal=-1, MCMC=0
2075877613953561856: is_P_Kmodal failed: ufunc 'add' did not contain a loop with signature matching types (dtype([('e', '<f8'), ('omega', '<f8'), ('M0', '<f8'), ('s', '<f8'), ('P', '<f8'), ('ln_prior', '<f8')]), dtype('<f8')) -> None
2075877613953561856: unimodal=0, bimodal=-1, MCMC=0
2075877644004670464: is_P_Kmodal failed: ufunc 'add' did not contain a loop with signature matching types (dtype([('e', '<f8'), ('omega', '<f8'), ('M0', '<f8'), ('s', '<f8'), ('P', '<f8'), ('ln_prior', '<f8')]), dtype('<f8')) -> None
2075877644004670464: unimodal=0, bimodal=-1, MCMC=0
2075877648313310848: is_P_Kmodal failed: ufunc 'add' did not contain a loop with signature matching types (dtype([('e', '<f8'), ('omega', '<f8'), ('M0', '<f8'), ('s', '<f8'), ('P', '<f8'), ('ln_prior', '<f8')]), dtype('<f8')) -> None
2075877648313310848: unimodal=0, bimodal=-1, MCMC=0
2075877648313315456: is_P_Kmodal failed: ufunc 'add' did not contain a loop with signature matching types (dtype([('e', '<f8'), ('omega', '<f8'), ('M0', '<f8'), ('s', '<f8'), ('P', '<f8'), ('ln_prior', '<f8')]), dtype('<f8')) -> None
2075877648313315456: unimodal=0, bimodal=-1, MCMC=0
2075877678366383744: is_P_Kmodal failed: ufunc 'add' did not contain a loop with signature matching types (dtype([('e', '<f8'), ('omega', '<f8'), ('M0', '<f8'), ('s', '<f8'), ('P', '<f8'), ('ln_prior', '<f8')]), dtype('<f8')) -> None
2075877678366383744: unimodal=0, bimodal=-1, MCMC=0
2075877712724148224: is_P_Kmodal failed: ufunc 'add' did not contain a loop with signature matching types (dtype([('e', '<f8'), ('omega', '<f8'), ('M0', '<f8'), ('s', '<f8'), ('P', '<f8'), ('ln_prior', '<f8')]), dtype('<f8')) -> None
2075877712724148224: unimodal=0, bimodal=-1, MCMC=0
2075877751392481792: is_P_Kmodal failed: ufunc 'add' did not contain a loop with signature matching types (dtype([('e', '<f8'), ('omega', '<f8'), ('M0', '<f8'), ('s', '<f8'), ('P', '<f8'), ('ln_prior', '<f8')]), dtype('<f8')) -> None
2075877751392481792: unimodal=0, bimodal=-1, MCMC=0
2075877781443623808: is_P_Kmodal failed: ufunc 'add' did not contain a loop with signature matching types (dtype([('e', '<f8'), ('omega', '<f8'), ('M0', '<f8'), ('s', '<f8'), ('P', '<f8'), ('ln_prior', '<f8')]), dtype('<f8')) -> None
2075877781443623808: unimodal=0, bimodal=-1, MCMC=0
2075877785752234752: is_P_Kmodal failed: ufunc 'add' did not contain a loop with signature matching types (dtype([('e', '<f8'), ('omega', '<f8'), ('M0', '<f8'), ('s', '<f8'), ('P', '<f8'), ('ln_prior', '<f8')]), dtype('<f8')) -> None
2075877785752234752: unimodal=0, bimodal=-1, MCMC=0
2075877854471733504: is_P_Kmodal failed: ufunc 'add' did not contain a loop with signature matching types (dtype([('e', '<f8'), ('omega', '<f8'), ('M0', '<f8'), ('s', '<f8'), ('P', '<f8'), ('ln_prior', '<f8')]), dtype('<f8')) -> None
2075877854471733504: unimodal=0, bimodal=-1, MCMC=0
2075877888831466112: is_P_Kmodal failed: ufunc 'add' did not contain a loop with signature matching types (dtype([('e', '<f8'), ('omega', '<f8'), ('M0', '<f8'), ('s', '<f8'), ('P', '<f8'), ('ln_prior', '<f8')]), dtype('<f8')) -> None
2075877888831466112: unimodal=0, bimodal=-1, MCMC=0
2075877923191210880: is_P_Kmodal failed: ufunc 'add' did not contain a loop with signature matching types (dtype([('e', '<f8'), ('omega', '<f8'), ('M0', '<f8'), ('s', '<f8'), ('P', '<f8'), ('ln_prior', '<f8')]), dtype('<f8')) -> None
2075877923191210880: unimodal=0, bimodal=-1, MCMC=0
2076054910201497216: is_P_Kmodal failed: ufunc 'add' did not contain a loop with signature matching types (dtype([('e', '<f8'), ('omega', '<f8'), ('M0', '<f8'), ('s', '<f8'), ('P', '<f8'), ('ln_prior', '<f8')]), dtype('<f8')) -> None
2076054910201497216: unimodal=0, bimodal=-1, MCMC=0
2076055666115742208: is_P_Kmodal failed: ufunc 'add' did not contain a loop with signature matching types (dtype([('e', '<f8'), ('omega', '<f8'), ('M0', '<f8'), ('s', '<f8'), ('P', '<f8'), ('ln_prior', '<f8')]), dtype('<f8')) -> None
2076055666115742208: unimodal=0, bimodal=-1, MCMC=0
2076055769194968064: is_P_Kmodal failed: ufunc 'add' did not contain a loop with signature matching types (dtype([('e', '<f8'), ('omega', '<f8'), ('M0', '<f8'), ('s', '<f8'), ('P', '<f8'), ('ln_prior', '<f8')]), dtype('<f8')) -> None
2076055769194968064: unimodal=0, bimodal=-1, MCMC=0
2076056318950838656: is_P_Kmodal failed: ufunc 'add' did not contain a loop with signature matching types (dtype([('e', '<f8'), ('omega', '<f8'), ('M0', '<f8'), ('s', '<f8'), ('P', '<f8'), ('ln_prior', '<f8')]), dtype('<f8')) -> None
2076056318950838656: unimodal=0, bimodal=-1, MCMC=0
2076056353310544640: is_P_Kmodal failed: ufunc 'add' did not contain a loop with signature matching types (dtype([('e', '<f8'), ('omega', '<f8'), ('M0', '<f8'), ('s', '<f8'), ('P', '<f8'), ('ln_prior', '<f8')]), dtype('<f8')) -> None
2076056353310544640: unimodal=0, bimodal=-1, MCMC=0
2076056662548254080: is_P_Kmodal failed: ufunc 'add' did not contain a loop with signature matching types (dtype([('e', '<f8'), ('omega', '<f8'), ('M0', '<f8'), ('s', '<f8'), ('P', '<f8'), ('ln_prior', '<f8')]), dtype('<f8')) -> None
2076056662548254080: unimodal=0, bimodal=-1, MCMC=0
2076056868706703744: is_P_Kmodal failed: ufunc 'add' did not contain a loop with signature matching types (dtype([('e', '<f8'), ('omega', '<f8'), ('M0', '<f8'), ('s', '<f8'), ('P', '<f8'), ('ln_prior', '<f8')]), dtype('<f8')) -> None
2076056868706703744: unimodal=0, bimodal=-1, MCMC=0
2076056868706707712: is_P_Kmodal failed: ufunc 'add' did not contain a loop with signature matching types (dtype([('e', '<f8'), ('omega', '<f8'), ('M0', '<f8'), ('s', '<f8'), ('P', '<f8'), ('ln_prior', '<f8')]), dtype('<f8')) -> None
2076056868706707712: unimodal=0, bimodal=-1, MCMC=0
2076057040505379200: is_P_Kmodal failed: ufunc 'add' did not contain a loop with signature matching types (dtype([('e', '<f8'), ('omega', '<f8'), ('M0', '<f8'), ('s', '<f8'), ('P', '<f8'), ('ln_prior', '<f8')]), dtype('<f8')) -> None
2076057040505379200: unimodal=0, bimodal=-1, MCMC=0
2076057139278663936: is_P_Kmodal failed: ufunc 'add' did not contain a loop with signature matching types (dtype([('e', '<f8'), ('omega', '<f8'), ('M0', '<f8'), ('s', '<f8'), ('P', '<f8'), ('ln_prior', '<f8')]), dtype('<f8')) -> None
2076057139278663936: unimodal=0, bimodal=-1, MCMC=0
2076057212304006528: is_P_Kmodal failed: ufunc 'add' did not contain a loop with signature matching types (dtype([('e', '<f8'), ('omega', '<f8'), ('M0', '<f8'), ('s', '<f8'), ('P', '<f8'), ('ln_prior', '<f8')]), dtype('<f8')) -> None
2076057212304006528: unimodal=0, bimodal=-1, MCMC=0
2076057418462456704: is_P_Kmodal failed: ufunc 'add' did not contain a loop with signature matching types (dtype([('e', '<f8'), ('omega', '<f8'), ('M0', '<f8'), ('s', '<f8'), ('P', '<f8'), ('ln_prior', '<f8')]), dtype('<f8')) -> None
2076057418462456704: unimodal=0, bimodal=-1, MCMC=0
2076057624620888192: is_P_Kmodal failed: ufunc 'add' did not contain a loop with signature matching types (dtype([('e', '<f8'), ('omega', '<f8'), ('M0', '<f8'), ('s', '<f8'), ('P', '<f8'), ('ln_prior', '<f8')]), dtype('<f8')) -> None
2076057624620888192: unimodal=0, bimodal=-1, MCMC=0
2076057693340350720: is_P_Kmodal failed: ufunc 'add' did not contain a loop with signature matching types (dtype([('e', '<f8'), ('omega', '<f8'), ('M0', '<f8'), ('s', '<f8'), ('P', '<f8'), ('ln_prior', '<f8')]), dtype('<f8')) -> None
2076057693340350720: unimodal=0, bimodal=-1, MCMC=0
2076057899498842496: is_P_Kmodal failed: ufunc 'add' did not contain a loop with signature matching types (dtype([('e', '<f8'), ('omega', '<f8'), ('M0', '<f8'), ('s', '<f8'), ('P', '<f8'), ('ln_prior', '<f8')]), dtype('<f8')) -> None
2076057899498842496: unimodal=0, bimodal=-1, MCMC=0
2076058140016994688: is_P_Kmodal failed: ufunc 'add' did not contain a loop with signature matching types (dtype([('e', '<f8'), ('omega', '<f8'), ('M0', '<f8'), ('s', '<f8'), ('P', '<f8'), ('ln_prior', '<f8')]), dtype('<f8')) -> None
2076058140016994688: unimodal=0, bimodal=-1, MCMC=0
2076060682637579392: is_P_Kmodal failed: ufunc 'add' did not contain a loop with signature matching types (dtype([('e', '<f8'), ('omega', '<f8'), ('M0', '<f8'), ('s', '<f8'), ('P', '<f8'), ('ln_prior', '<f8')]), dtype('<f8')) -> None
2076060682637579392: unimodal=0, bimodal=-1, MCMC=0
2076060957515467008: is_P_Kmodal failed: ufunc 'add' did not contain a loop with signature matching types (dtype([('e', '<f8'), ('omega', '<f8'), ('M0', '<f8'), ('s', '<f8'), ('P', '<f8'), ('ln_prior', '<f8')]), dtype('<f8')) -> None
2076060957515467008: unimodal=0, bimodal=-1, MCMC=0
2076060991875219456: is_P_Kmodal failed: ufunc 'add' did not contain a loop with signature matching types (dtype([('e', '<f8'), ('omega', '<f8'), ('M0', '<f8'), ('s', '<f8'), ('P', '<f8'), ('ln_prior', '<f8')]), dtype('<f8')) -> None
2076060991875219456: unimodal=0, bimodal=-1, MCMC=0
2076061369832357888: is_P_Kmodal failed: ufunc 'add' did not contain a loop with signature matching types (dtype([('e', '<f8'), ('omega', '<f8'), ('M0', '<f8'), ('s', '<f8'), ('P', '<f8'), ('ln_prior', '<f8')]), dtype('<f8')) -> None
2076061369832357888: unimodal=0, bimodal=-1, MCMC=0
2076061404192109696: is_P_Kmodal failed: ufunc 'add' did not contain a loop with signature matching types (dtype([('e', '<f8'), ('omega', '<f8'), ('M0', '<f8'), ('s', '<f8'), ('P', '<f8'), ('ln_prior', '<f8')]), dtype('<f8')) -> None
2076061404192109696: unimodal=0, bimodal=-1, MCMC=0
2076061472911617024: is_P_Kmodal failed: ufunc 'add' did not contain a loop with signature matching types (dtype([('e', '<f8'), ('omega', '<f8'), ('M0', '<f8'), ('s', '<f8'), ('P', '<f8'), ('ln_prior', '<f8')]), dtype('<f8')) -> None
2076061472911617024: unimodal=0, bimodal=-1, MCMC=0
2076061743483986432: is_P_Kmodal failed: ufunc 'add' did not contain a loop with signature matching types (dtype([('e', '<f8'), ('omega', '<f8'), ('M0', '<f8'), ('s', '<f8'), ('P', '<f8'), ('ln_prior', '<f8')]), dtype('<f8')) -> None
2076061743483986432: unimodal=0, bimodal=-1, MCMC=0
2076061988307619712: is_P_Kmodal failed: ufunc 'add' did not contain a loop with signature matching types (dtype([('e', '<f8'), ('omega', '<f8'), ('M0', '<f8'), ('s', '<f8'), ('P', '<f8'), ('ln_prior', '<f8')]), dtype('<f8')) -> None
2076061988307619712: unimodal=0, bimodal=-1, MCMC=0
2076062125746594304: is_P_Kmodal failed: ufunc 'add' did not contain a loop with signature matching types (dtype([('e', '<f8'), ('omega', '<f8'), ('M0', '<f8'), ('s', '<f8'), ('P', '<f8'), ('ln_prior', '<f8')]), dtype('<f8')) -> None
2076062125746594304: unimodal=0, bimodal=-1, MCMC=0
2076062194466071168: is_P_Kmodal failed: ufunc 'add' did not contain a loop with signature matching types (dtype([('e', '<f8'), ('omega', '<f8'), ('M0', '<f8'), ('s', '<f8'), ('P', '<f8'), ('ln_prior', '<f8')]), dtype('<f8')) -> None
2076062194466071168: unimodal=0, bimodal=-1, MCMC=0
2076062744221979008: is_P_Kmodal failed: ufunc 'add' did not contain a loop with signature matching types (dtype([('e', '<f8'), ('omega', '<f8'), ('M0', '<f8'), ('s', '<f8'), ('P', '<f8'), ('ln_prior', '<f8')]), dtype('<f8')) -> None
2076062744221979008: unimodal=0, bimodal=-1, MCMC=0
2076062881661231232: is_P_Kmodal failed: ufunc 'add' did not contain a loop with signature matching types (dtype([('e', '<f8'), ('omega', '<f8'), ('M0', '<f8'), ('s', '<f8'), ('P', '<f8'), ('ln_prior', '<f8')]), dtype('<f8')) -> None
2076062881661231232: unimodal=0, bimodal=-1, MCMC=0
2076063122179130624: is_P_Kmodal failed: ufunc 'add' did not contain a loop with signature matching types (dtype([('e', '<f8'), ('omega', '<f8'), ('M0', '<f8'), ('s', '<f8'), ('P', '<f8'), ('ln_prior', '<f8')]), dtype('<f8')) -> None
2076063122179130624: unimodal=0, bimodal=-1, MCMC=0
2076063152230925312: is_P_Kmodal failed: ufunc 'add' did not contain a loop with signature matching types (dtype([('e', '<f8'), ('omega', '<f8'), ('M0', '<f8'), ('s', '<f8'), ('P', '<f8'), ('ln_prior', '<f8')]), dtype('<f8')) -> None
2076063152230925312: unimodal=0, bimodal=-1, MCMC=0
2076063156538853632: is_P_Kmodal failed: ufunc 'add' did not contain a loop with signature matching types (dtype([('e', '<f8'), ('omega', '<f8'), ('M0', '<f8'), ('s', '<f8'), ('P', '<f8'), ('ln_prior', '<f8')]), dtype('<f8')) -> None
2076063156538853632: unimodal=0, bimodal=-1, MCMC=0
2076063328337585024: is_P_Kmodal failed: ufunc 'add' did not contain a loop with signature matching types (dtype([('e', '<f8'), ('omega', '<f8'), ('M0', '<f8'), ('s', '<f8'), ('P', '<f8'), ('ln_prior', '<f8')]), dtype('<f8')) -> None
2076063328337585024: unimodal=0, bimodal=-1, MCMC=0
2076063362697328256: is_P_Kmodal failed: ufunc 'add' did not contain a loop with signature matching types (dtype([('e', '<f8'), ('omega', '<f8'), ('M0', '<f8'), ('s', '<f8'), ('P', '<f8'), ('ln_prior', '<f8')]), dtype('<f8')) -> None
2076063362697328256: unimodal=0, bimodal=-1, MCMC=0
2076063465776549632: is_P_Kmodal failed: ufunc 'add' did not contain a loop with signature matching types (dtype([('e', '<f8'), ('omega', '<f8'), ('M0', '<f8'), ('s', '<f8'), ('P', '<f8'), ('ln_prior', '<f8')]), dtype('<f8')) -> None
2076063465776549632: unimodal=0, bimodal=-1, MCMC=0
2076063568855737728: is_P_Kmodal failed: ufunc 'add' did not contain a loop with signature matching types (dtype([('e', '<f8'), ('omega', '<f8'), ('M0', '<f8'), ('s', '<f8'), ('P', '<f8'), ('ln_prior', '<f8')]), dtype('<f8')) -> None
2076063568855737728: unimodal=0, bimodal=-1, MCMC=0
2076063603215485184: is_P_Kmodal failed: ufunc 'add' did not contain a loop with signature matching types (dtype([('e', '<f8'), ('omega', '<f8'), ('M0', '<f8'), ('s', '<f8'), ('P', '<f8'), ('ln_prior', '<f8')]), dtype('<f8')) -> None
2076063603215485184: unimodal=0, bimodal=-1, MCMC=0
2076063740654455680: is_P_Kmodal failed: ufunc 'add' did not contain a loop with signature matching types (dtype([('e', '<f8'), ('omega', '<f8'), ('M0', '<f8'), ('s', '<f8'), ('P', '<f8'), ('ln_prior', '<f8')]), dtype('<f8')) -> None
2076063740654455680: unimodal=0, bimodal=-1, MCMC=0
2076063946812842880: is_P_Kmodal failed: ufunc 'add' did not contain a loop with signature matching types (dtype([('e', '<f8'), ('omega', '<f8'), ('M0', '<f8'), ('s', '<f8'), ('P', '<f8'), ('ln_prior', '<f8')]), dtype('<f8')) -> None
2076063946812842880: unimodal=0, bimodal=-1, MCMC=0
2076064015532315392: is_P_Kmodal failed: ufunc 'add' did not contain a loop with signature matching types (dtype([('e', '<f8'), ('omega', '<f8'), ('M0', '<f8'), ('s', '<f8'), ('P', '<f8'), ('ln_prior', '<f8')]), dtype('<f8')) -> None
2076064015532315392: unimodal=0, bimodal=-1, MCMC=0
2076064084251764096: is_P_Kmodal failed: ufunc 'add' did not contain a loop with signature matching types (dtype([('e', '<f8'), ('omega', '<f8'), ('M0', '<f8'), ('s', '<f8'), ('P', '<f8'), ('ln_prior', '<f8')]), dtype('<f8')) -> None
2076064084251764096: unimodal=0, bimodal=-1, MCMC=0
2076064084251768064: is_P_Kmodal failed: ufunc 'add' did not contain a loop with signature matching types (dtype([('e', '<f8'), ('omega', '<f8'), ('M0', '<f8'), ('s', '<f8'), ('P', '<f8'), ('ln_prior', '<f8')]), dtype('<f8')) -> None
2076064084251768064: unimodal=0, bimodal=-1, MCMC=0
2076064668367353728: is_P_Kmodal failed: ufunc 'add' did not contain a loop with signature matching types (dtype([('e', '<f8'), ('omega', '<f8'), ('M0', '<f8'), ('s', '<f8'), ('P', '<f8'), ('ln_prior', '<f8')]), dtype('<f8')) -> None
2076064668367353728: unimodal=0, bimodal=-1, MCMC=0
2076064737086848000: is_P_Kmodal failed: ufunc 'add' did not contain a loop with signature matching types (dtype([('e', '<f8'), ('omega', '<f8'), ('M0', '<f8'), ('s', '<f8'), ('P', '<f8'), ('ln_prior', '<f8')]), dtype('<f8')) -> None
2076064737086848000: unimodal=0, bimodal=-1, MCMC=0
2076064874525839744: is_P_Kmodal failed: ufunc 'add' did not contain a loop with signature matching types (dtype([('e', '<f8'), ('omega', '<f8'), ('M0', '<f8'), ('s', '<f8'), ('P', '<f8'), ('ln_prior', '<f8')]), dtype('<f8')) -> None
2076064874525839744: unimodal=0, bimodal=-1, MCMC=0
2076064908885584768: is_P_Kmodal failed: ufunc 'add' did not contain a loop with signature matching types (dtype([('e', '<f8'), ('omega', '<f8'), ('M0', '<f8'), ('s', '<f8'), ('P', '<f8'), ('ln_prior', '<f8')]), dtype('<f8')) -> None
2076064908885584768: unimodal=0, bimodal=-1, MCMC=0
2076065080684284288: is_P_Kmodal failed: ufunc 'add' did not contain a loop with signature matching types (dtype([('e', '<f8'), ('omega', '<f8'), ('M0', '<f8'), ('s', '<f8'), ('P', '<f8'), ('ln_prior', '<f8')]), dtype('<f8')) -> None
2076065080684284288: unimodal=0, bimodal=-1, MCMC=0
2076065183763486464: is_P_Kmodal failed: ufunc 'add' did not contain a loop with signature matching types (dtype([('e', '<f8'), ('omega', '<f8'), ('M0', '<f8'), ('s', '<f8'), ('P', '<f8'), ('ln_prior', '<f8')]), dtype('<f8')) -> None
2076065183763486464: unimodal=0, bimodal=-1, MCMC=0
2076065218123214208: is_P_Kmodal failed: ufunc 'add' did not contain a loop with signature matching types (dtype([('e', '<f8'), ('omega', '<f8'), ('M0', '<f8'), ('s', '<f8'), ('P', '<f8'), ('ln_prior', '<f8')]), dtype('<f8')) -> None
2076065218123214208: unimodal=0, bimodal=-1, MCMC=0
2076065419973653632: is_P_Kmodal failed: ufunc 'add' did not contain a loop with signature matching types (dtype([('e', '<f8'), ('omega', '<f8'), ('M0', '<f8'), ('s', '<f8'), ('P', '<f8'), ('ln_prior', '<f8')]), dtype('<f8')) -> None
2076065419973653632: unimodal=0, bimodal=-1, MCMC=0
2076065424281683584: is_P_Kmodal failed: ufunc 'add' did not contain a loop with signature matching types (dtype([('e', '<f8'), ('omega', '<f8'), ('M0', '<f8'), ('s', '<f8'), ('P', '<f8'), ('ln_prior', '<f8')]), dtype('<f8')) -> None
2076065424281683584: unimodal=0, bimodal=-1, MCMC=0
2076065458641430528: is_P_Kmodal failed: ufunc 'add' did not contain a loop with signature matching types (dtype([('e', '<f8'), ('omega', '<f8'), ('M0', '<f8'), ('s', '<f8'), ('P', '<f8'), ('ln_prior', '<f8')]), dtype('<f8')) -> None
2076065458641430528: unimodal=0, bimodal=-1, MCMC=0
2076065561720652160: is_P_Kmodal failed: ufunc 'add' did not contain a loop with signature matching types (dtype([('e', '<f8'), ('omega', '<f8'), ('M0', '<f8'), ('s', '<f8'), ('P', '<f8'), ('ln_prior', '<f8')]), dtype('<f8')) -> None
2076065561720652160: unimodal=0, bimodal=-1, MCMC=0
2076065699159591296: is_P_Kmodal failed: ufunc 'add' did not contain a loop with signature matching types (dtype([('e', '<f8'), ('omega', '<f8'), ('M0', '<f8'), ('s', '<f8'), ('P', '<f8'), ('ln_prior', '<f8')]), dtype('<f8')) -> None
2076065699159591296: unimodal=0, bimodal=-1, MCMC=0
2076065836598553728: unimodal=1, bimodal=0, MCMC=1
2076065974037663232: is_P_Kmodal failed: ufunc 'add' did not contain a loop with signature matching types (dtype([('e', '<f8'), ('omega', '<f8'), ('M0', '<f8'), ('s', '<f8'), ('P', '<f8'), ('ln_prior', '<f8')]), dtype('<f8')) -> None
2076065974037663232: unimodal=0, bimodal=-1, MCMC=0
2076066145836177408: is_P_Kmodal failed: ufunc 'add' did not contain a loop with signature matching types (dtype([('e', '<f8'), ('omega', '<f8'), ('M0', '<f8'), ('s', '<f8'), ('P', '<f8'), ('ln_prior', '<f8')]), dtype('<f8')) -> None
2076066145836177408: unimodal=0, bimodal=-1, MCMC=0
2076066180195900160: is_P_Kmodal failed: ufunc 'add' did not contain a loop with signature matching types (dtype([('e', '<f8'), ('omega', '<f8'), ('M0', '<f8'), ('s', '<f8'), ('P', '<f8'), ('ln_prior', '<f8')]), dtype('<f8')) -> None
2076066180195900160: unimodal=0, bimodal=-1, MCMC=0
2076066180198015744: is_P_Kmodal failed: ufunc 'add' did not contain a loop with signature matching types (dtype([('e', '<f8'), ('omega', '<f8'), ('M0', '<f8'), ('s', '<f8'), ('P', '<f8'), ('ln_prior', '<f8')]), dtype('<f8')) -> None
2076066180198015744: unimodal=0, bimodal=-1, MCMC=0
2076066248915354368: is_P_Kmodal failed: ufunc 'add' did not contain a loop with signature matching types (dtype([('e', '<f8'), ('omega', '<f8'), ('M0', '<f8'), ('s', '<f8'), ('P', '<f8'), ('ln_prior', '<f8')]), dtype('<f8')) -> None
2076066248915354368: unimodal=0, bimodal=-1, MCMC=0
2076066420714081664: is_P_Kmodal failed: ufunc 'add' did not contain a loop with signature matching types (dtype([('e', '<f8'), ('omega', '<f8'), ('M0', '<f8'), ('s', '<f8'), ('P', '<f8'), ('ln_prior', '<f8')]), dtype('<f8')) -> None
2076066420714081664: unimodal=0, bimodal=-1, MCMC=0
2076066489433553920: is_P_Kmodal failed: ufunc 'add' did not contain a loop with signature matching types (dtype([('e', '<f8'), ('omega', '<f8'), ('M0', '<f8'), ('s', '<f8'), ('P', '<f8'), ('ln_prior', '<f8')]), dtype('<f8')) -> None
2076066489433553920: unimodal=0, bimodal=-1, MCMC=0
2076066828726173952: is_P_Kmodal failed: ufunc 'add' did not contain a loop with signature matching types (dtype([('e', '<f8'), ('omega', '<f8'), ('M0', '<f8'), ('s', '<f8'), ('P', '<f8'), ('ln_prior', '<f8')]), dtype('<f8')) -> None
2076066828726173952: unimodal=0, bimodal=-1, MCMC=0
2076066901752525440: is_P_Kmodal failed: ufunc 'add' did not contain a loop with signature matching types (dtype([('e', '<f8'), ('omega', '<f8'), ('M0', '<f8'), ('s', '<f8'), ('P', '<f8'), ('ln_prior', '<f8')]), dtype('<f8')) -> None
2076066901752525440: unimodal=0, bimodal=-1, MCMC=0
2076067176628208768: is_P_Kmodal failed: ufunc 'add' did not contain a loop with signature matching types (dtype([('e', '<f8'), ('omega', '<f8'), ('M0', '<f8'), ('s', '<f8'), ('P', '<f8'), ('ln_prior', '<f8')]), dtype('<f8')) -> None
2076067176628208768: unimodal=0, bimodal=-1, MCMC=0
2076067275402192256: skipping, no Joker samples
2076067588945086336: skipping, no Joker samples
2076067623304851456: is_P_Kmodal failed: ufunc 'add' did not contain a loop with signature matching types (dtype([('e', '<f8'), ('omega', '<f8'), ('M0', '<f8'), ('s', '<f8'), ('P', '<f8'), ('ln_prior', '<f8')]), dtype('<f8')) -> None
2076067623304851456: unimodal=0, bimodal=-1, MCMC=0
2076067760743816576: is_P_Kmodal failed: ufunc 'add' did not contain a loop with signature matching types (dtype([('e', '<f8'), ('omega', '<f8'), ('M0', '<f8'), ('s', '<f8'), ('P', '<f8'), ('ln_prior', '<f8')]), dtype('<f8')) -> None
2076067760743816576: unimodal=0, bimodal=-1, MCMC=0
2076067760743817472: is_P_Kmodal failed: ufunc 'add' did not contain a loop with signature matching types (dtype([('e', '<f8'), ('omega', '<f8'), ('M0', '<f8'), ('s', '<f8'), ('P', '<f8'), ('ln_prior', '<f8')]), dtype('<f8')) -> None
2076067760743817472: unimodal=0, bimodal=-1, MCMC=0
2076067760743820032: is_P_Kmodal failed: ufunc 'add' did not contain a loop with signature matching types (dtype([('e', '<f8'), ('omega', '<f8'), ('M0', '<f8'), ('s', '<f8'), ('P', '<f8'), ('ln_prior', '<f8')]), dtype('<f8')) -> None
2076067760743820032: unimodal=0, bimodal=-1, MCMC=0
2076067932542496000: unimodal=1, bimodal=0, MCMC=1
2076067932542498560: is_P_Kmodal failed: ufunc 'add' did not contain a loop with signature matching types (dtype([('e', '<f8'), ('omega', '<f8'), ('M0', '<f8'), ('s', '<f8'), ('P', '<f8'), ('ln_prior', '<f8')]), dtype('<f8')) -> None
2076067932542498560: unimodal=0, bimodal=-1, MCMC=0
2076068035621721728: is_P_Kmodal failed: ufunc 'add' did not contain a loop with signature matching types (dtype([('e', '<f8'), ('omega', '<f8'), ('M0', '<f8'), ('s', '<f8'), ('P', '<f8'), ('ln_prior', '<f8')]), dtype('<f8')) -> None
2076068035621721728: unimodal=0, bimodal=-1, MCMC=0
2076068173060601600: is_P_Kmodal failed: ufunc 'add' did not contain a loop with signature matching types (dtype([('e', '<f8'), ('omega', '<f8'), ('M0', '<f8'), ('s', '<f8'), ('P', '<f8'), ('ln_prior', '<f8')]), dtype('<f8')) -> None
2076068173060601600: unimodal=0, bimodal=-1, MCMC=0
2076068271834837248: is_P_Kmodal failed: ufunc 'add' did not contain a loop with signature matching types (dtype([('e', '<f8'), ('omega', '<f8'), ('M0', '<f8'), ('s', '<f8'), ('P', '<f8'), ('ln_prior', '<f8')]), dtype('<f8')) -> None
2076068271834837248: unimodal=0, bimodal=-1, MCMC=0
2076068310499578496: is_P_Kmodal failed: ufunc 'add' did not contain a loop with signature matching types (dtype([('e', '<f8'), ('omega', '<f8'), ('M0', '<f8'), ('s', '<f8'), ('P', '<f8'), ('ln_prior', '<f8')]), dtype('<f8')) -> None
2076068310499578496: unimodal=0, bimodal=-1, MCMC=0
2076068413570181632: is_P_Kmodal failed: ufunc 'add' did not contain a loop with signature matching types (dtype([('e', '<f8'), ('omega', '<f8'), ('M0', '<f8'), ('s', '<f8'), ('P', '<f8'), ('ln_prior', '<f8')]), dtype('<f8')) -> None
2076068413570181632: unimodal=0, bimodal=-1, MCMC=0
2076068860255440640: is_P_Kmodal failed: ufunc 'add' did not contain a loop with signature matching types (dtype([('e', '<f8'), ('omega', '<f8'), ('M0', '<f8'), ('s', '<f8'), ('P', '<f8'), ('ln_prior', '<f8')]), dtype('<f8')) -> None
2076068860255440640: unimodal=0, bimodal=-1, MCMC=0
2076068890310424960: is_P_Kmodal failed: ufunc 'add' did not contain a loop with signature matching types (dtype([('e', '<f8'), ('omega', '<f8'), ('M0', '<f8'), ('s', '<f8'), ('P', '<f8'), ('ln_prior', '<f8')]), dtype('<f8')) -> None
2076068890310424960: unimodal=0, bimodal=-1, MCMC=0
2076068894615192832: is_P_Kmodal failed: ufunc 'add' did not contain a loop with signature matching types (dtype([('e', '<f8'), ('omega', '<f8'), ('M0', '<f8'), ('s', '<f8'), ('P', '<f8'), ('ln_prior', '<f8')]), dtype('<f8')) -> None
2076068894615192832: unimodal=0, bimodal=-1, MCMC=0
2076069032054110208: is_P_Kmodal failed: ufunc 'add' did not contain a loop with signature matching types (dtype([('e', '<f8'), ('omega', '<f8'), ('M0', '<f8'), ('s', '<f8'), ('P', '<f8'), ('ln_prior', '<f8')]), dtype('<f8')) -> None
2076069032054110208: unimodal=0, bimodal=-1, MCMC=0
2076069062109136000: is_P_Kmodal failed: ufunc 'add' did not contain a loop with signature matching types (dtype([('e', '<f8'), ('omega', '<f8'), ('M0', '<f8'), ('s', '<f8'), ('P', '<f8'), ('ln_prior', '<f8')]), dtype('<f8')) -> None
2076069062109136000: unimodal=0, bimodal=-1, MCMC=0
2076069066413835648: is_P_Kmodal failed: ufunc 'add' did not contain a loop with signature matching types (dtype([('e', '<f8'), ('omega', '<f8'), ('M0', '<f8'), ('s', '<f8'), ('P', '<f8'), ('ln_prior', '<f8')]), dtype('<f8')) -> None
2076069066413835648: unimodal=0, bimodal=-1, MCMC=0
2076069513090518016: is_P_Kmodal failed: ufunc 'add' did not contain a loop with signature matching types (dtype([('e', '<f8'), ('omega', '<f8'), ('M0', '<f8'), ('s', '<f8'), ('P', '<f8'), ('ln_prior', '<f8')]), dtype('<f8')) -> None
2076069513090518016: unimodal=0, bimodal=-1, MCMC=0
2076069543142253056: is_P_Kmodal failed: ufunc 'add' did not contain a loop with signature matching types (dtype([('e', '<f8'), ('omega', '<f8'), ('M0', '<f8'), ('s', '<f8'), ('P', '<f8'), ('ln_prior', '<f8')]), dtype('<f8')) -> None
2076069543142253056: unimodal=0, bimodal=-1, MCMC=0
2076069616169707776: is_P_Kmodal failed: ufunc 'add' did not contain a loop with signature matching types (dtype([('e', '<f8'), ('omega', '<f8'), ('M0', '<f8'), ('s', '<f8'), ('P', '<f8'), ('ln_prior', '<f8')]), dtype('<f8')) -> None
2076069616169707776: unimodal=0, bimodal=-1, MCMC=0
2076069994126891520: is_P_Kmodal failed: ufunc 'add' did not contain a loop with signature matching types (dtype([('e', '<f8'), ('omega', '<f8'), ('M0', '<f8'), ('s', '<f8'), ('P', '<f8'), ('ln_prior', '<f8')]), dtype('<f8')) -> None
2076069994126891520: unimodal=0, bimodal=-1, MCMC=0
2076070131565828480: is_P_Kmodal failed: ufunc 'add' did not contain a loop with signature matching types (dtype([('e', '<f8'), ('omega', '<f8'), ('M0', '<f8'), ('s', '<f8'), ('P', '<f8'), ('ln_prior', '<f8')]), dtype('<f8')) -> None
2076070131565828480: unimodal=0, bimodal=-1, MCMC=0
2076070440803424384: is_P_Kmodal failed: ufunc 'add' did not contain a loop with signature matching types (dtype([('e', '<f8'), ('omega', '<f8'), ('M0', '<f8'), ('s', '<f8'), ('P', '<f8'), ('ln_prior', '<f8')]), dtype('<f8')) -> None
2076070440803424384: unimodal=0, bimodal=-1, MCMC=0
2076070715681319936: is_P_Kmodal failed: ufunc 'add' did not contain a loop with signature matching types (dtype([('e', '<f8'), ('omega', '<f8'), ('M0', '<f8'), ('s', '<f8'), ('P', '<f8'), ('ln_prior', '<f8')]), dtype('<f8')) -> None
2076070715681319936: unimodal=0, bimodal=-1, MCMC=0
2076070848816028800: is_P_Kmodal failed: ufunc 'add' did not contain a loop with signature matching types (dtype([('e', '<f8'), ('omega', '<f8'), ('M0', '<f8'), ('s', '<f8'), ('P', '<f8'), ('ln_prior', '<f8')]), dtype('<f8')) -> None
2076070848816028800: unimodal=0, bimodal=-1, MCMC=0
2076070887480044544: is_P_Kmodal failed: ufunc 'add' did not contain a loop with signature matching types (dtype([('e', '<f8'), ('omega', '<f8'), ('M0', '<f8'), ('s', '<f8'), ('P', '<f8'), ('ln_prior', '<f8')]), dtype('<f8')) -> None
2076070887480044544: unimodal=0, bimodal=-1, MCMC=0
2076071059278765184: is_P_Kmodal failed: ufunc 'add' did not contain a loop with signature matching types (dtype([('e', '<f8'), ('omega', '<f8'), ('M0', '<f8'), ('s', '<f8'), ('P', '<f8'), ('ln_prior', '<f8')]), dtype('<f8')) -> None
2076071059278765184: unimodal=0, bimodal=-1, MCMC=0
2076071093638513536: is_P_Kmodal failed: ufunc 'add' did not contain a loop with signature matching types (dtype([('e', '<f8'), ('omega', '<f8'), ('M0', '<f8'), ('s', '<f8'), ('P', '<f8'), ('ln_prior', '<f8')]), dtype('<f8')) -> None
2076071093638513536: unimodal=0, bimodal=-1, MCMC=0
2076071127998239488: is_P_Kmodal failed: ufunc 'add' did not contain a loop with signature matching types (dtype([('e', '<f8'), ('omega', '<f8'), ('M0', '<f8'), ('s', '<f8'), ('P', '<f8'), ('ln_prior', '<f8')]), dtype('<f8')) -> None
2076071127998239488: unimodal=0, bimodal=-1, MCMC=0
2076071368516604160: is_P_Kmodal failed: ufunc 'add' did not contain a loop with signature matching types (dtype([('e', '<f8'), ('omega', '<f8'), ('M0', '<f8'), ('s', '<f8'), ('P', '<f8'), ('ln_prior', '<f8')]), dtype('<f8')) -> None
2076071368516604160: unimodal=0, bimodal=-1, MCMC=0
2076073808057604992: is_P_Kmodal failed: ufunc 'add' did not contain a loop with signature matching types (dtype([('e', '<f8'), ('omega', '<f8'), ('M0', '<f8'), ('s', '<f8'), ('P', '<f8'), ('ln_prior', '<f8')]), dtype('<f8')) -> None
2076073808057604992: unimodal=0, bimodal=-1, MCMC=0
2076074220374495104: is_P_Kmodal failed: ufunc 'add' did not contain a loop with signature matching types (dtype([('e', '<f8'), ('omega', '<f8'), ('M0', '<f8'), ('s', '<f8'), ('P', '<f8'), ('ln_prior', '<f8')]), dtype('<f8')) -> None
2076074220374495104: unimodal=0, bimodal=-1, MCMC=0
2076074387874312064: is_P_Kmodal failed: ufunc 'add' did not contain a loop with signature matching types (dtype([('e', '<f8'), ('omega', '<f8'), ('M0', '<f8'), ('s', '<f8'), ('P', '<f8'), ('ln_prior', '<f8')]), dtype('<f8')) -> None
2076074387874312064: unimodal=0, bimodal=-1, MCMC=0
2076074460892691200: is_P_Kmodal failed: ufunc 'add' did not contain a loop with signature matching types (dtype([('e', '<f8'), ('omega', '<f8'), ('M0', '<f8'), ('s', '<f8'), ('P', '<f8'), ('ln_prior', '<f8')]), dtype('<f8')) -> None
2076074460892691200: unimodal=0, bimodal=-1, MCMC=0
2076074701401939328: is_P_Kmodal failed: ufunc 'add' did not contain a loop with signature matching types (dtype([('e', '<f8'), ('omega', '<f8'), ('M0', '<f8'), ('s', '<f8'), ('P', '<f8'), ('ln_prior', '<f8')]), dtype('<f8')) -> None
2076074701401939328: unimodal=0, bimodal=-1, MCMC=0
2076080302048246912: is_P_Kmodal failed: ufunc 'add' did not contain a loop with signature matching types (dtype([('e', '<f8'), ('omega', '<f8'), ('M0', '<f8'), ('s', '<f8'), ('P', '<f8'), ('ln_prior', '<f8')]), dtype('<f8')) -> None
2076080302048246912: unimodal=0, bimodal=-1, MCMC=0
2076080370767715456: is_P_Kmodal failed: ufunc 'add' did not contain a loop with signature matching types (dtype([('e', '<f8'), ('omega', '<f8'), ('M0', '<f8'), ('s', '<f8'), ('P', '<f8'), ('ln_prior', '<f8')]), dtype('<f8')) -> None
2076080370767715456: unimodal=0, bimodal=-1, MCMC=0
2076080572621563520: is_P_Kmodal failed: ufunc 'add' did not contain a loop with signature matching types (dtype([('e', '<f8'), ('omega', '<f8'), ('M0', '<f8'), ('s', '<f8'), ('P', '<f8'), ('ln_prior', '<f8')]), dtype('<f8')) -> None
2076080572621563520: unimodal=0, bimodal=-1, MCMC=0
2076080817444353920: is_P_Kmodal failed: ufunc 'add' did not contain a loop with signature matching types (dtype([('e', '<f8'), ('omega', '<f8'), ('M0', '<f8'), ('s', '<f8'), ('P', '<f8'), ('ln_prior', '<f8')]), dtype('<f8')) -> None
2076080817444353920: unimodal=0, bimodal=-1, MCMC=0
2076080954883329536: is_P_Kmodal failed: ufunc 'add' did not contain a loop with signature matching types (dtype([('e', '<f8'), ('omega', '<f8'), ('M0', '<f8'), ('s', '<f8'), ('P', '<f8'), ('ln_prior', '<f8')]), dtype('<f8')) -> None
2076080954883329536: unimodal=0, bimodal=-1, MCMC=0
2076081092322249216: is_P_Kmodal failed: ufunc 'add' did not contain a loop with signature matching types (dtype([('e', '<f8'), ('omega', '<f8'), ('M0', '<f8'), ('s', '<f8'), ('P', '<f8'), ('ln_prior', '<f8')]), dtype('<f8')) -> None
2076081092322249216: unimodal=0, bimodal=-1, MCMC=0
2076081264121193984: is_P_Kmodal failed: ufunc 'add' did not contain a loop with signature matching types (dtype([('e', '<f8'), ('omega', '<f8'), ('M0', '<f8'), ('s', '<f8'), ('P', '<f8'), ('ln_prior', '<f8')]), dtype('<f8')) -> None
2076081264121193984: unimodal=0, bimodal=-1, MCMC=0
2076082775942073984: is_P_Kmodal failed: ufunc 'add' did not contain a loop with signature matching types (dtype([('e', '<f8'), ('omega', '<f8'), ('M0', '<f8'), ('s', '<f8'), ('P', '<f8'), ('ln_prior', '<f8')]), dtype('<f8')) -> None
2076082775942073984: unimodal=0, bimodal=-1, MCMC=0
2076083188266601472: is_P_Kmodal failed: ufunc 'add' did not contain a loop with signature matching types (dtype([('e', '<f8'), ('omega', '<f8'), ('M0', '<f8'), ('s', '<f8'), ('P', '<f8'), ('ln_prior', '<f8')]), dtype('<f8')) -> None
2076083188266601472: unimodal=0, bimodal=-1, MCMC=0
2080059640783332096: is_P_Kmodal failed: ufunc 'add' did not contain a loop with signature matching types (dtype([('e', '<f8'), ('omega', '<f8'), ('M0', '<f8'), ('s', '<f8'), ('P', '<f8'), ('ln_prior', '<f8')]), dtype('<f8')) -> None
2080059640783332096: unimodal=0, bimodal=-1, MCMC=0
2080061393129929088: is_P_Kmodal failed: ufunc 'add' did not contain a loop with signature matching types (dtype([('e', '<f8'), ('omega', '<f8'), ('M0', '<f8'), ('s', '<f8'), ('P', '<f8'), ('ln_prior', '<f8')]), dtype('<f8')) -> None
2080061393129929088: unimodal=0, bimodal=-1, MCMC=0
2080062630080516864: is_P_Kmodal failed: ufunc 'add' did not contain a loop with signature matching types (dtype([('e', '<f8'), ('omega', '<f8'), ('M0', '<f8'), ('s', '<f8'), ('P', '<f8'), ('ln_prior', '<f8')]), dtype('<f8')) -> None
2080062630080516864: unimodal=0, bimodal=-1, MCMC=0
2080062973677923840: is_P_Kmodal failed: ufunc 'add' did not contain a loop with signature matching types (dtype([('e', '<f8'), ('omega', '<f8'), ('M0', '<f8'), ('s', '<f8'), ('P', '<f8'), ('ln_prior', '<f8')]), dtype('<f8')) -> None
2080062973677923840: unimodal=0, bimodal=-1, MCMC=0
2080063179836362880: is_P_Kmodal failed: ufunc 'add' did not contain a loop with signature matching types (dtype([('e', '<f8'), ('omega', '<f8'), ('M0', '<f8'), ('s', '<f8'), ('P', '<f8'), ('ln_prior', '<f8')]), dtype('<f8')) -> None
2080063179836362880: unimodal=0, bimodal=-1, MCMC=0
2080063317275335168: is_P_Kmodal failed: ufunc 'add' did not contain a loop with signature matching types (dtype([('e', '<f8'), ('omega', '<f8'), ('M0', '<f8'), ('s', '<f8'), ('P', '<f8'), ('ln_prior', '<f8')]), dtype('<f8')) -> None
2080063317275335168: unimodal=0, bimodal=-1, MCMC=0
2080063729592203392: is_P_Kmodal failed: ufunc 'add' did not contain a loop with signature matching types (dtype([('e', '<f8'), ('omega', '<f8'), ('M0', '<f8'), ('s', '<f8'), ('P', '<f8'), ('ln_prior', '<f8')]), dtype('<f8')) -> None
2080063729592203392: unimodal=0, bimodal=-1, MCMC=0
2080064206327319552: is_P_Kmodal failed: ufunc 'add' did not contain a loop with signature matching types (dtype([('e', '<f8'), ('omega', '<f8'), ('M0', '<f8'), ('s', '<f8'), ('P', '<f8'), ('ln_prior', '<f8')]), dtype('<f8')) -> None
2080064206327319552: unimodal=0, bimodal=-1, MCMC=0
2080064485506449152: is_P_Kmodal failed: ufunc 'add' did not contain a loop with signature matching types (dtype([('e', '<f8'), ('omega', '<f8'), ('M0', '<f8'), ('s', '<f8'), ('P', '<f8'), ('ln_prior', '<f8')]), dtype('<f8')) -> None
2080064485506449152: unimodal=0, bimodal=-1, MCMC=0
2080064515564300160: is_P_Kmodal failed: ufunc 'add' did not contain a loop with signature matching types (dtype([('e', '<f8'), ('omega', '<f8'), ('M0', '<f8'), ('s', '<f8'), ('P', '<f8'), ('ln_prior', '<f8')]), dtype('<f8')) -> None
2080064515564300160: unimodal=0, bimodal=-1, MCMC=0
2080064588585669632: is_P_Kmodal failed: ufunc 'add' did not contain a loop with signature matching types (dtype([('e', '<f8'), ('omega', '<f8'), ('M0', '<f8'), ('s', '<f8'), ('P', '<f8'), ('ln_prior', '<f8')]), dtype('<f8')) -> None
2080064588585669632: unimodal=0, bimodal=-1, MCMC=0
2080064653004009088: is_P_Kmodal failed: ufunc 'add' did not contain a loop with signature matching types (dtype([('e', '<f8'), ('omega', '<f8'), ('M0', '<f8'), ('s', '<f8'), ('P', '<f8'), ('ln_prior', '<f8')]), dtype('<f8')) -> None
2080064653004009088: unimodal=0, bimodal=-1, MCMC=0
2080064657305128832: is_P_Kmodal failed: ufunc 'add' did not contain a loop with signature matching types (dtype([('e', '<f8'), ('omega', '<f8'), ('M0', '<f8'), ('s', '<f8'), ('P', '<f8'), ('ln_prior', '<f8')]), dtype('<f8')) -> None
2080064657305128832: unimodal=0, bimodal=-1, MCMC=0
2080064726025932800: is_P_Kmodal failed: ufunc 'add' did not contain a loop with signature matching types (dtype([('e', '<f8'), ('omega', '<f8'), ('M0', '<f8'), ('s', '<f8'), ('P', '<f8'), ('ln_prior', '<f8')]), dtype('<f8')) -> None
2080064726025932800: unimodal=0, bimodal=-1, MCMC=0
2080084654674211456: is_P_Kmodal failed: ufunc 'add' did not contain a loop with signature matching types (dtype([('e', '<f8'), ('omega', '<f8'), ('M0', '<f8'), ('s', '<f8'), ('P', '<f8'), ('ln_prior', '<f8')]), dtype('<f8')) -> None
2080084654674211456: unimodal=0, bimodal=-1, MCMC=0
2080085582385980288: is_P_Kmodal failed: ufunc 'add' did not contain a loop with signature matching types (dtype([('e', '<f8'), ('omega', '<f8'), ('M0', '<f8'), ('s', '<f8'), ('P', '<f8'), ('ln_prior', '<f8')]), dtype('<f8')) -> None
2080085582385980288: unimodal=0, bimodal=-1, MCMC=0
2080086338300219136: is_P_Kmodal failed: ufunc 'add' did not contain a loop with signature matching types (dtype([('e', '<f8'), ('omega', '<f8'), ('M0', '<f8'), ('s', '<f8'), ('P', '<f8'), ('ln_prior', '<f8')]), dtype('<f8')) -> None
2080086338300219136: unimodal=0, bimodal=-1, MCMC=0
2080086338300220032: is_P_Kmodal failed: ufunc 'add' did not contain a loop with signature matching types (dtype([('e', '<f8'), ('omega', '<f8'), ('M0', '<f8'), ('s', '<f8'), ('P', '<f8'), ('ln_prior', '<f8')]), dtype('<f8')) -> None
2080086338300220032: unimodal=0, bimodal=-1, MCMC=0
2080086716257347328: is_P_Kmodal failed: ufunc 'add' did not contain a loop with signature matching types (dtype([('e', '<f8'), ('omega', '<f8'), ('M0', '<f8'), ('s', '<f8'), ('P', '<f8'), ('ln_prior', '<f8')]), dtype('<f8')) -> None
2080086716257347328: unimodal=0, bimodal=-1, MCMC=0
2080087162933787008: skipping, no Joker samples
2080087266013008512: skipping, no Joker samples
2080087643970202624: skipping, no Joker samples
2080087884488379776: is_P_Kmodal failed: ufunc 'add' did not contain a loop with signature matching types (dtype([('e', '<f8'), ('omega', '<f8'), ('M0', '<f8'), ('s', '<f8'), ('P', '<f8'), ('ln_prior', '<f8')]), dtype('<f8')) -> None
2080087884488379776: unimodal=0, bimodal=-1, MCMC=0
2080088331164882560: is_P_Kmodal failed: ufunc 'add' did not contain a loop with signature matching types (dtype([('e', '<f8'), ('omega', '<f8'), ('M0', '<f8'), ('s', '<f8'), ('P', '<f8'), ('ln_prior', '<f8')]), dtype('<f8')) -> None
2080088331164882560: unimodal=0, bimodal=-1, MCMC=0
2080088395582464128: is_P_Kmodal failed: ufunc 'add' did not contain a loop with signature matching types (dtype([('e', '<f8'), ('omega', '<f8'), ('M0', '<f8'), ('s', '<f8'), ('P', '<f8'), ('ln_prior', '<f8')]), dtype('<f8')) -> None
2080088395582464128: unimodal=0, bimodal=-1, MCMC=0
2080089258877964288: is_P_Kmodal failed: ufunc 'add' did not contain a loop with signature matching types (dtype([('e', '<f8'), ('omega', '<f8'), ('M0', '<f8'), ('s', '<f8'), ('P', '<f8'), ('ln_prior', '<f8')]), dtype('<f8')) -> None
2080089258877964288: unimodal=0, bimodal=-1, MCMC=0
2080089396316882688: is_P_Kmodal failed: ufunc 'add' did not contain a loop with signature matching types (dtype([('e', '<f8'), ('omega', '<f8'), ('M0', '<f8'), ('s', '<f8'), ('P', '<f8'), ('ln_prior', '<f8')]), dtype('<f8')) -> None
2080089396316882688: unimodal=0, bimodal=-1, MCMC=0
2080089396316887424: is_P_Kmodal failed: ufunc 'add' did not contain a loop with signature matching types (dtype([('e', '<f8'), ('omega', '<f8'), ('M0', '<f8'), ('s', '<f8'), ('P', '<f8'), ('ln_prior', '<f8')]), dtype('<f8')) -> None
2080089396316887424: unimodal=0, bimodal=-1, MCMC=0
2080089598179046016: is_P_Kmodal failed: ufunc 'add' did not contain a loop with signature matching types (dtype([('e', '<f8'), ('omega', '<f8'), ('M0', '<f8'), ('s', '<f8'), ('P', '<f8'), ('ln_prior', '<f8')]), dtype('<f8')) -> None
2080089598179046016: unimodal=0, bimodal=-1, MCMC=0
2080089705554570368: is_P_Kmodal failed: ufunc 'add' did not contain a loop with signature matching types (dtype([('e', '<f8'), ('omega', '<f8'), ('M0', '<f8'), ('s', '<f8'), ('P', '<f8'), ('ln_prior', '<f8')]), dtype('<f8')) -> None
2080089705554570368: unimodal=0, bimodal=-1, MCMC=0
2080089877353287040: is_P_Kmodal failed: ufunc 'add' did not contain a loop with signature matching types (dtype([('e', '<f8'), ('omega', '<f8'), ('M0', '<f8'), ('s', '<f8'), ('P', '<f8'), ('ln_prior', '<f8')]), dtype('<f8')) -> None
2080089877353287040: unimodal=0, bimodal=-1, MCMC=0
2080090220950601856: is_P_Kmodal failed: ufunc 'add' did not contain a loop with signature matching types (dtype([('e', '<f8'), ('omega', '<f8'), ('M0', '<f8'), ('s', '<f8'), ('P', '<f8'), ('ln_prior', '<f8')]), dtype('<f8')) -> None
2080090220950601856: unimodal=0, bimodal=-1, MCMC=0
2080090289670075264: is_P_Kmodal failed: ufunc 'add' did not contain a loop with signature matching types (dtype([('e', '<f8'), ('omega', '<f8'), ('M0', '<f8'), ('s', '<f8'), ('P', '<f8'), ('ln_prior', '<f8')]), dtype('<f8')) -> None
2080090289670075264: unimodal=0, bimodal=-1, MCMC=0
2080090427109053568: skipping, no Joker samples
2080090461468747904: is_P_Kmodal failed: ufunc 'add' did not contain a loop with signature matching types (dtype([('e', '<f8'), ('omega', '<f8'), ('M0', '<f8'), ('s', '<f8'), ('P', '<f8'), ('ln_prior', '<f8')]), dtype('<f8')) -> None
2080090461468747904: unimodal=0, bimodal=-1, MCMC=0
2080090495828501888: skipping, no Joker samples
2080090770706463360: is_P_Kmodal failed: ufunc 'add' did not contain a loop with signature matching types (dtype([('e', '<f8'), ('omega', '<f8'), ('M0', '<f8'), ('s', '<f8'), ('P', '<f8'), ('ln_prior', '<f8')]), dtype('<f8')) -> None
2080090770706463360: unimodal=0, bimodal=-1, MCMC=0
2080091079944085632: is_P_Kmodal failed: ufunc 'add' did not contain a loop with signature matching types (dtype([('e', '<f8'), ('omega', '<f8'), ('M0', '<f8'), ('s', '<f8'), ('P', '<f8'), ('ln_prior', '<f8')]), dtype('<f8')) -> None
2080091079944085632: unimodal=0, bimodal=-1, MCMC=0
2080092179455846400: is_P_Kmodal failed: ufunc 'add' did not contain a loop with signature matching types (dtype([('e', '<f8'), ('omega', '<f8'), ('M0', '<f8'), ('s', '<f8'), ('P', '<f8'), ('ln_prior', '<f8')]), dtype('<f8')) -> None
2080092179455846400: unimodal=0, bimodal=-1, MCMC=0
2080092312592633216: is_P_Kmodal failed: ufunc 'add' did not contain a loop with signature matching types (dtype([('e', '<f8'), ('omega', '<f8'), ('M0', '<f8'), ('s', '<f8'), ('P', '<f8'), ('ln_prior', '<f8')]), dtype('<f8')) -> None
2080092312592633216: unimodal=0, bimodal=-1, MCMC=0
2080092381313086976: is_P_Kmodal failed: ufunc 'add' did not contain a loop with signature matching types (dtype([('e', '<f8'), ('omega', '<f8'), ('M0', '<f8'), ('s', '<f8'), ('P', '<f8'), ('ln_prior', '<f8')]), dtype('<f8')) -> None
2080092381313086976: unimodal=0, bimodal=-1, MCMC=0
2080092901011453568: is_P_Kmodal failed: ufunc 'add' did not contain a loop with signature matching types (dtype([('e', '<f8'), ('omega', '<f8'), ('M0', '<f8'), ('s', '<f8'), ('P', '<f8'), ('ln_prior', '<f8')]), dtype('<f8')) -> None
2080092901011453568: unimodal=0, bimodal=-1, MCMC=0
2080093210247977600: skipping, no Joker samples
2080095924667289216: is_P_Kmodal failed: ufunc 'add' did not contain a loop with signature matching types (dtype([('e', '<f8'), ('omega', '<f8'), ('M0', '<f8'), ('s', '<f8'), ('P', '<f8'), ('ln_prior', '<f8')]), dtype('<f8')) -> None
2080095924667289216: unimodal=0, bimodal=-1, MCMC=0
2080096268264701184: is_P_Kmodal failed: ufunc 'add' did not contain a loop with signature matching types (dtype([('e', '<f8'), ('omega', '<f8'), ('M0', '<f8'), ('s', '<f8'), ('P', '<f8'), ('ln_prior', '<f8')]), dtype('<f8')) -> None
2080096268264701184: unimodal=0, bimodal=-1, MCMC=0
2080096336984170752: is_P_Kmodal failed: ufunc 'add' did not contain a loop with signature matching types (dtype([('e', '<f8'), ('omega', '<f8'), ('M0', '<f8'), ('s', '<f8'), ('P', '<f8'), ('ln_prior', '<f8')]), dtype('<f8')) -> None
2080096336984170752: unimodal=0, bimodal=-1, MCMC=0
2080096474423150464: is_P_Kmodal failed: ufunc 'add' did not contain a loop with signature matching types (dtype([('e', '<f8'), ('omega', '<f8'), ('M0', '<f8'), ('s', '<f8'), ('P', '<f8'), ('ln_prior', '<f8')]), dtype('<f8')) -> None
2080096474423150464: unimodal=0, bimodal=-1, MCMC=0
2080097058538601088: is_P_Kmodal failed: ufunc 'add' did not contain a loop with signature matching types (dtype([('e', '<f8'), ('omega', '<f8'), ('M0', '<f8'), ('s', '<f8'), ('P', '<f8'), ('ln_prior', '<f8')]), dtype('<f8')) -> None
2080097058538601088: unimodal=0, bimodal=-1, MCMC=0
2080097191676689536: is_P_Kmodal failed: ufunc 'add' did not contain a loop with signature matching types (dtype([('e', '<f8'), ('omega', '<f8'), ('M0', '<f8'), ('s', '<f8'), ('P', '<f8'), ('ln_prior', '<f8')]), dtype('<f8')) -> None
2080097191676689536: unimodal=0, bimodal=-1, MCMC=0
2080097260396182016: is_P_Kmodal failed: ufunc 'add' did not contain a loop with signature matching types (dtype([('e', '<f8'), ('omega', '<f8'), ('M0', '<f8'), ('s', '<f8'), ('P', '<f8'), ('ln_prior', '<f8')]), dtype('<f8')) -> None
2080097260396182016: unimodal=0, bimodal=-1, MCMC=0
2080097573934764416: is_P_Kmodal failed: ufunc 'add' did not contain a loop with signature matching types (dtype([('e', '<f8'), ('omega', '<f8'), ('M0', '<f8'), ('s', '<f8'), ('P', '<f8'), ('ln_prior', '<f8')]), dtype('<f8')) -> None
2080097573934764416: unimodal=0, bimodal=-1, MCMC=0
2080098119389671168: is_P_Kmodal failed: ufunc 'add' did not contain a loop with signature matching types (dtype([('e', '<f8'), ('omega', '<f8'), ('M0', '<f8'), ('s', '<f8'), ('P', '<f8'), ('ln_prior', '<f8')]), dtype('<f8')) -> None
2080098119389671168: unimodal=0, bimodal=-1, MCMC=0
2080098123690634112: is_P_Kmodal failed: ufunc 'add' did not contain a loop with signature matching types (dtype([('e', '<f8'), ('omega', '<f8'), ('M0', '<f8'), ('s', '<f8'), ('P', '<f8'), ('ln_prior', '<f8')]), dtype('<f8')) -> None
2080098123690634112: unimodal=0, bimodal=-1, MCMC=0
2080098845245174528: skipping, no Joker samples
2080099120123024896: unimodal=1, bimodal=0, MCMC=1
2080099120123025024: is_P_Kmodal failed: ufunc 'add' did not contain a loop with signature matching types (dtype([('e', '<f8'), ('omega', '<f8'), ('M0', '<f8'), ('s', '<f8'), ('P', '<f8'), ('ln_prior', '<f8')]), dtype('<f8')) -> None
2080099120123025024: unimodal=0, bimodal=-1, MCMC=0
2080099154482771200: is_P_Kmodal failed: ufunc 'add' did not contain a loop with signature matching types (dtype([('e', '<f8'), ('omega', '<f8'), ('M0', '<f8'), ('s', '<f8'), ('P', '<f8'), ('ln_prior', '<f8')]), dtype('<f8')) -> None
2080099154482771200: unimodal=0, bimodal=-1, MCMC=0
2080099635519245184: is_P_Kmodal failed: ufunc 'add' did not contain a loop with signature matching types (dtype([('e', '<f8'), ('omega', '<f8'), ('M0', '<f8'), ('s', '<f8'), ('P', '<f8'), ('ln_prior', '<f8')]), dtype('<f8')) -> None
2080099635519245184: unimodal=0, bimodal=-1, MCMC=0
2080099738598460800: is_P_Kmodal failed: ufunc 'add' did not contain a loop with signature matching types (dtype([('e', '<f8'), ('omega', '<f8'), ('M0', '<f8'), ('s', '<f8'), ('P', '<f8'), ('ln_prior', '<f8')]), dtype('<f8')) -> None
2080099738598460800: unimodal=0, bimodal=-1, MCMC=0
2080099807317935232: is_P_Kmodal failed: ufunc 'add' did not contain a loop with signature matching types (dtype([('e', '<f8'), ('omega', '<f8'), ('M0', '<f8'), ('s', '<f8'), ('P', '<f8'), ('ln_prior', '<f8')]), dtype('<f8')) -> None
2080099807317935232: unimodal=0, bimodal=-1, MCMC=0
2080099979116631808: is_P_Kmodal failed: ufunc 'add' did not contain a loop with signature matching types (dtype([('e', '<f8'), ('omega', '<f8'), ('M0', '<f8'), ('s', '<f8'), ('P', '<f8'), ('ln_prior', '<f8')]), dtype('<f8')) -> None
2080099979116631808: unimodal=0, bimodal=-1, MCMC=0
2080471510966477312: is_P_Kmodal failed: ufunc 'add' did not contain a loop with signature matching types (dtype([('e', '<f8'), ('omega', '<f8'), ('M0', '<f8'), ('s', '<f8'), ('P', '<f8'), ('ln_prior', '<f8')]), dtype('<f8')) -> None
2080471510966477312: unimodal=0, bimodal=-1, MCMC=0
2080474122306580608: skipping, no Joker samples
2080475084380577152: is_P_Kmodal failed: ufunc 'add' did not contain a loop with signature matching types (dtype([('e', '<f8'), ('omega', '<f8'), ('M0', '<f8'), ('s', '<f8'), ('P', '<f8'), ('ln_prior', '<f8')]), dtype('<f8')) -> None
2080475084380577152: unimodal=0, bimodal=-1, MCMC=0
2080475909013845888: is_P_Kmodal failed: ufunc 'add' did not contain a loop with signature matching types (dtype([('e', '<f8'), ('omega', '<f8'), ('M0', '<f8'), ('s', '<f8'), ('P', '<f8'), ('ln_prior', '<f8')]), dtype('<f8')) -> None
2080475909013845888: unimodal=0, bimodal=-1, MCMC=0
2081865172011516160: is_P_Kmodal failed: ufunc 'add' did not contain a loop with signature matching types (dtype([('e', '<f8'), ('omega', '<f8'), ('M0', '<f8'), ('s', '<f8'), ('P', '<f8'), ('ln_prior', '<f8')]), dtype('<f8')) -> None
2081865172011516160: unimodal=0, bimodal=-1, MCMC=0
2081865829154396928: is_P_Kmodal failed: ufunc 'add' did not contain a loop with signature matching types (dtype([('e', '<f8'), ('omega', '<f8'), ('M0', '<f8'), ('s', '<f8'), ('P', '<f8'), ('ln_prior', '<f8')]), dtype('<f8')) -> None
2081865829154396928: unimodal=0, bimodal=-1, MCMC=0
2081877270947189376: is_P_Kmodal failed: ufunc 'add' did not contain a loop with signature matching types (dtype([('e', '<f8'), ('omega', '<f8'), ('M0', '<f8'), ('s', '<f8'), ('P', '<f8'), ('ln_prior', '<f8')]), dtype('<f8')) -> None
2081877270947189376: unimodal=0, bimodal=-1, MCMC=0
2081877408386167680: is_P_Kmodal failed: ufunc 'add' did not contain a loop with signature matching types (dtype([('e', '<f8'), ('omega', '<f8'), ('M0', '<f8'), ('s', '<f8'), ('P', '<f8'), ('ln_prior', '<f8')]), dtype('<f8')) -> None
2081877408386167680: unimodal=0, bimodal=-1, MCMC=0
2081877545825154944: is_P_Kmodal failed: ufunc 'add' did not contain a loop with signature matching types (dtype([('e', '<f8'), ('omega', '<f8'), ('M0', '<f8'), ('s', '<f8'), ('P', '<f8'), ('ln_prior', '<f8')]), dtype('<f8')) -> None
2081877545825154944: unimodal=0, bimodal=-1, MCMC=0
2081877717623830784: is_P_Kmodal failed: ufunc 'add' did not contain a loop with signature matching types (dtype([('e', '<f8'), ('omega', '<f8'), ('M0', '<f8'), ('s', '<f8'), ('P', '<f8'), ('ln_prior', '<f8')]), dtype('<f8')) -> None
2081877717623830784: unimodal=0, bimodal=-1, MCMC=0
2081877717623831424: is_P_Kmodal failed: ufunc 'add' did not contain a loop with signature matching types (dtype([('e', '<f8'), ('omega', '<f8'), ('M0', '<f8'), ('s', '<f8'), ('P', '<f8'), ('ln_prior', '<f8')]), dtype('<f8')) -> None
2081877717623831424: unimodal=0, bimodal=-1, MCMC=0
2081877786343314432: is_P_Kmodal failed: ufunc 'add' did not contain a loop with signature matching types (dtype([('e', '<f8'), ('omega', '<f8'), ('M0', '<f8'), ('s', '<f8'), ('P', '<f8'), ('ln_prior', '<f8')]), dtype('<f8')) -> None
2081877786343314432: unimodal=0, bimodal=-1, MCMC=0
2081877816395363456: is_P_Kmodal failed: ufunc 'add' did not contain a loop with signature matching types (dtype([('e', '<f8'), ('omega', '<f8'), ('M0', '<f8'), ('s', '<f8'), ('P', '<f8'), ('ln_prior', '<f8')]), dtype('<f8')) -> None
2081877816395363456: unimodal=0, bimodal=-1, MCMC=0
2081877820703063808: is_P_Kmodal failed: ufunc 'add' did not contain a loop with signature matching types (dtype([('e', '<f8'), ('omega', '<f8'), ('M0', '<f8'), ('s', '<f8'), ('P', '<f8'), ('ln_prior', '<f8')]), dtype('<f8')) -> None
2081877820703063808: unimodal=0, bimodal=-1, MCMC=0
2081877889422566784: is_P_Kmodal failed: ufunc 'add' did not contain a loop with signature matching types (dtype([('e', '<f8'), ('omega', '<f8'), ('M0', '<f8'), ('s', '<f8'), ('P', '<f8'), ('ln_prior', '<f8')]), dtype('<f8')) -> None
2081877889422566784: unimodal=0, bimodal=-1, MCMC=0
2081877919474614144: is_P_Kmodal failed: ufunc 'add' did not contain a loop with signature matching types (dtype([('e', '<f8'), ('omega', '<f8'), ('M0', '<f8'), ('s', '<f8'), ('P', '<f8'), ('ln_prior', '<f8')]), dtype('<f8')) -> None
2081877919474614144: unimodal=0, bimodal=-1, MCMC=0
2081878267379588480: is_P_Kmodal failed: ufunc 'add' did not contain a loop with signature matching types (dtype([('e', '<f8'), ('omega', '<f8'), ('M0', '<f8'), ('s', '<f8'), ('P', '<f8'), ('ln_prior', '<f8')]), dtype('<f8')) -> None
2081878267379588480: unimodal=0, bimodal=-1, MCMC=0
2081878267381251456: is_P_Kmodal failed: ufunc 'add' did not contain a loop with signature matching types (dtype([('e', '<f8'), ('omega', '<f8'), ('M0', '<f8'), ('s', '<f8'), ('P', '<f8'), ('ln_prior', '<f8')]), dtype('<f8')) -> None
2081878267381251456: unimodal=0, bimodal=-1, MCMC=0
2081878473538039168: is_P_Kmodal failed: ufunc 'add' did not contain a loop with signature matching types (dtype([('e', '<f8'), ('omega', '<f8'), ('M0', '<f8'), ('s', '<f8'), ('P', '<f8'), ('ln_prior', '<f8')]), dtype('<f8')) -> None
2081878473538039168: unimodal=0, bimodal=-1, MCMC=0
2081878507897782528: is_P_Kmodal failed: ufunc 'add' did not contain a loop with signature matching types (dtype([('e', '<f8'), ('omega', '<f8'), ('M0', '<f8'), ('s', '<f8'), ('P', '<f8'), ('ln_prior', '<f8')]), dtype('<f8')) -> None
2081878507897782528: unimodal=0, bimodal=-1, MCMC=0
2081878507897784960: is_P_Kmodal failed: ufunc 'add' did not contain a loop with signature matching types (dtype([('e', '<f8'), ('omega', '<f8'), ('M0', '<f8'), ('s', '<f8'), ('P', '<f8'), ('ln_prior', '<f8')]), dtype('<f8')) -> None
2081878507897784960: unimodal=0, bimodal=-1, MCMC=0
2081878507897786880: is_P_Kmodal failed: ufunc 'add' did not contain a loop with signature matching types (dtype([('e', '<f8'), ('omega', '<f8'), ('M0', '<f8'), ('s', '<f8'), ('P', '<f8'), ('ln_prior', '<f8')]), dtype('<f8')) -> None
2081878507897786880: unimodal=0, bimodal=-1, MCMC=0
2081878645336779520: is_P_Kmodal failed: ufunc 'add' did not contain a loop with signature matching types (dtype([('e', '<f8'), ('omega', '<f8'), ('M0', '<f8'), ('s', '<f8'), ('P', '<f8'), ('ln_prior', '<f8')]), dtype('<f8')) -> None
2081878645336779520: unimodal=0, bimodal=-1, MCMC=0
2081878778468124416: is_P_Kmodal failed: ufunc 'add' did not contain a loop with signature matching types (dtype([('e', '<f8'), ('omega', '<f8'), ('M0', '<f8'), ('s', '<f8'), ('P', '<f8'), ('ln_prior', '<f8')]), dtype('<f8')) -> None
2081878778468124416: unimodal=0, bimodal=-1, MCMC=0
2081878885854911104: is_P_Kmodal failed: ufunc 'add' did not contain a loop with signature matching types (dtype([('e', '<f8'), ('omega', '<f8'), ('M0', '<f8'), ('s', '<f8'), ('P', '<f8'), ('ln_prior', '<f8')]), dtype('<f8')) -> None
2081878885854911104: unimodal=0, bimodal=-1, MCMC=0
2081878885854913664: is_P_Kmodal failed: ufunc 'add' did not contain a loop with signature matching types (dtype([('e', '<f8'), ('omega', '<f8'), ('M0', '<f8'), ('s', '<f8'), ('P', '<f8'), ('ln_prior', '<f8')]), dtype('<f8')) -> None
2081878885854913664: unimodal=0, bimodal=-1, MCMC=0
2081879023293899520: is_P_Kmodal failed: ufunc 'add' did not contain a loop with signature matching types (dtype([('e', '<f8'), ('omega', '<f8'), ('M0', '<f8'), ('s', '<f8'), ('P', '<f8'), ('ln_prior', '<f8')]), dtype('<f8')) -> None
2081879023293899520: unimodal=0, bimodal=-1, MCMC=0
2081879538690061184: is_P_Kmodal failed: ufunc 'add' did not contain a loop with signature matching types (dtype([('e', '<f8'), ('omega', '<f8'), ('M0', '<f8'), ('s', '<f8'), ('P', '<f8'), ('ln_prior', '<f8')]), dtype('<f8')) -> None
2081879538690061184: unimodal=0, bimodal=-1, MCMC=0
2081879607409534080: is_P_Kmodal failed: ufunc 'add' did not contain a loop with signature matching types (dtype([('e', '<f8'), ('omega', '<f8'), ('M0', '<f8'), ('s', '<f8'), ('P', '<f8'), ('ln_prior', '<f8')]), dtype('<f8')) -> None
2081879607409534080: unimodal=0, bimodal=-1, MCMC=0
2081879813568030208: is_P_Kmodal failed: ufunc 'add' did not contain a loop with signature matching types (dtype([('e', '<f8'), ('omega', '<f8'), ('M0', '<f8'), ('s', '<f8'), ('P', '<f8'), ('ln_prior', '<f8')]), dtype('<f8')) -> None
2081879813568030208: unimodal=0, bimodal=-1, MCMC=0
2081879847927756160: is_P_Kmodal failed: ufunc 'add' did not contain a loop with signature matching types (dtype([('e', '<f8'), ('omega', '<f8'), ('M0', '<f8'), ('s', '<f8'), ('P', '<f8'), ('ln_prior', '<f8')]), dtype('<f8')) -> None
2081879847927756160: unimodal=0, bimodal=-1, MCMC=0
2081880088445929088: is_P_Kmodal failed: ufunc 'add' did not contain a loop with signature matching types (dtype([('e', '<f8'), ('omega', '<f8'), ('M0', '<f8'), ('s', '<f8'), ('P', '<f8'), ('ln_prior', '<f8')]), dtype('<f8')) -> None
2081880088445929088: unimodal=0, bimodal=-1, MCMC=0
2081880088445931776: is_P_Kmodal failed: ufunc 'add' did not contain a loop with signature matching types (dtype([('e', '<f8'), ('omega', '<f8'), ('M0', '<f8'), ('s', '<f8'), ('P', '<f8'), ('ln_prior', '<f8')]), dtype('<f8')) -> None
2081880088445931776: unimodal=0, bimodal=-1, MCMC=0
2081880260244518784: is_P_Kmodal failed: ufunc 'add' did not contain a loop with signature matching types (dtype([('e', '<f8'), ('omega', '<f8'), ('M0', '<f8'), ('s', '<f8'), ('P', '<f8'), ('ln_prior', '<f8')]), dtype('<f8')) -> None
2081880260244518784: unimodal=0, bimodal=-1, MCMC=0
2081880328964035328: is_P_Kmodal failed: ufunc 'add' did not contain a loop with signature matching types (dtype([('e', '<f8'), ('omega', '<f8'), ('M0', '<f8'), ('s', '<f8'), ('P', '<f8'), ('ln_prior', '<f8')]), dtype('<f8')) -> None
2081880328964035328: unimodal=0, bimodal=-1, MCMC=0
2081880397683498368: unimodal=1, bimodal=0, MCMC=1
2081880672561399936: is_P_Kmodal failed: ufunc 'add' did not contain a loop with signature matching types (dtype([('e', '<f8'), ('omega', '<f8'), ('M0', '<f8'), ('s', '<f8'), ('P', '<f8'), ('ln_prior', '<f8')]), dtype('<f8')) -> None
2081880672561399936: unimodal=0, bimodal=-1, MCMC=0
2081880775637432960: is_P_Kmodal failed: ufunc 'add' did not contain a loop with signature matching types (dtype([('e', '<f8'), ('omega', '<f8'), ('M0', '<f8'), ('s', '<f8'), ('P', '<f8'), ('ln_prior', '<f8')]), dtype('<f8')) -> None
2081880775637432960: unimodal=0, bimodal=-1, MCMC=0
2081880844351972096: is_P_Kmodal failed: ufunc 'add' did not contain a loop with signature matching types (dtype([('e', '<f8'), ('omega', '<f8'), ('M0', '<f8'), ('s', '<f8'), ('P', '<f8'), ('ln_prior', '<f8')]), dtype('<f8')) -> None
2081880844351972096: unimodal=0, bimodal=-1, MCMC=0
2081880913079644288: is_P_Kmodal failed: ufunc 'add' did not contain a loop with signature matching types (dtype([('e', '<f8'), ('omega', '<f8'), ('M0', '<f8'), ('s', '<f8'), ('P', '<f8'), ('ln_prior', '<f8')]), dtype('<f8')) -> None
2081880913079644288: unimodal=0, bimodal=-1, MCMC=0
2081881084878283136: is_P_Kmodal failed: ufunc 'add' did not contain a loop with signature matching types (dtype([('e', '<f8'), ('omega', '<f8'), ('M0', '<f8'), ('s', '<f8'), ('P', '<f8'), ('ln_prior', '<f8')]), dtype('<f8')) -> None
2081881084878283136: unimodal=0, bimodal=-1, MCMC=0
2081881359756034176: is_P_Kmodal failed: ufunc 'add' did not contain a loop with signature matching types (dtype([('e', '<f8'), ('omega', '<f8'), ('M0', '<f8'), ('s', '<f8'), ('P', '<f8'), ('ln_prior', '<f8')]), dtype('<f8')) -> None
2081881359756034176: unimodal=0, bimodal=-1, MCMC=0
2081881565914461056: is_P_Kmodal failed: ufunc 'add' did not contain a loop with signature matching types (dtype([('e', '<f8'), ('omega', '<f8'), ('M0', '<f8'), ('s', '<f8'), ('P', '<f8'), ('ln_prior', '<f8')]), dtype('<f8')) -> None
2081881565914461056: unimodal=0, bimodal=-1, MCMC=0
2081881699045620992: is_P_Kmodal failed: ufunc 'add' did not contain a loop with signature matching types (dtype([('e', '<f8'), ('omega', '<f8'), ('M0', '<f8'), ('s', '<f8'), ('P', '<f8'), ('ln_prior', '<f8')]), dtype('<f8')) -> None
2081881699045620992: unimodal=0, bimodal=-1, MCMC=0
2081881703353427456: is_P_Kmodal failed: ufunc 'add' did not contain a loop with signature matching types (dtype([('e', '<f8'), ('omega', '<f8'), ('M0', '<f8'), ('s', '<f8'), ('P', '<f8'), ('ln_prior', '<f8')]), dtype('<f8')) -> None
2081881703353427456: unimodal=0, bimodal=-1, MCMC=0
2081881905204354048: is_P_Kmodal failed: ufunc 'add' did not contain a loop with signature matching types (dtype([('e', '<f8'), ('omega', '<f8'), ('M0', '<f8'), ('s', '<f8'), ('P', '<f8'), ('ln_prior', '<f8')]), dtype('<f8')) -> None
2081881905204354048: unimodal=0, bimodal=-1, MCMC=0
2081881943871643520: is_P_Kmodal failed: ufunc 'add' did not contain a loop with signature matching types (dtype([('e', '<f8'), ('omega', '<f8'), ('M0', '<f8'), ('s', '<f8'), ('P', '<f8'), ('ln_prior', '<f8')]), dtype('<f8')) -> None
2081881943871643520: unimodal=0, bimodal=-1, MCMC=0
2081881978231397248: unimodal=0, bimodal=1, MCMC=1
2081882390548181376: is_P_Kmodal failed: ufunc 'add' did not contain a loop with signature matching types (dtype([('e', '<f8'), ('omega', '<f8'), ('M0', '<f8'), ('s', '<f8'), ('P', '<f8'), ('ln_prior', '<f8')]), dtype('<f8')) -> None
2081882390548181376: unimodal=0, bimodal=-1, MCMC=0
2081882459267654400: is_P_Kmodal failed: ufunc 'add' did not contain a loop with signature matching types (dtype([('e', '<f8'), ('omega', '<f8'), ('M0', '<f8'), ('s', '<f8'), ('P', '<f8'), ('ln_prior', '<f8')]), dtype('<f8')) -> None
2081882459267654400: unimodal=0, bimodal=-1, MCMC=0
2081882493627397248: is_P_Kmodal failed: ufunc 'add' did not contain a loop with signature matching types (dtype([('e', '<f8'), ('omega', '<f8'), ('M0', '<f8'), ('s', '<f8'), ('P', '<f8'), ('ln_prior', '<f8')]), dtype('<f8')) -> None
2081882493627397248: unimodal=0, bimodal=-1, MCMC=0
2081882562346895232: is_P_Kmodal failed: ufunc 'add' did not contain a loop with signature matching types (dtype([('e', '<f8'), ('omega', '<f8'), ('M0', '<f8'), ('s', '<f8'), ('P', '<f8'), ('ln_prior', '<f8')]), dtype('<f8')) -> None
2081882562346895232: unimodal=0, bimodal=-1, MCMC=0
2081882837224798976: is_P_Kmodal failed: ufunc 'add' did not contain a loop with signature matching types (dtype([('e', '<f8'), ('omega', '<f8'), ('M0', '<f8'), ('s', '<f8'), ('P', '<f8'), ('ln_prior', '<f8')]), dtype('<f8')) -> None
2081882837224798976: unimodal=0, bimodal=-1, MCMC=0
2081882871584522496: is_P_Kmodal failed: ufunc 'add' did not contain a loop with signature matching types (dtype([('e', '<f8'), ('omega', '<f8'), ('M0', '<f8'), ('s', '<f8'), ('P', '<f8'), ('ln_prior', '<f8')]), dtype('<f8')) -> None
2081882871584522496: unimodal=0, bimodal=-1, MCMC=0
2081882940304028032: is_P_Kmodal failed: ufunc 'add' did not contain a loop with signature matching types (dtype([('e', '<f8'), ('omega', '<f8'), ('M0', '<f8'), ('s', '<f8'), ('P', '<f8'), ('ln_prior', '<f8')]), dtype('<f8')) -> None
2081882940304028032: unimodal=0, bimodal=-1, MCMC=0
2081883043383255808: is_P_Kmodal failed: ufunc 'add' did not contain a loop with signature matching types (dtype([('e', '<f8'), ('omega', '<f8'), ('M0', '<f8'), ('s', '<f8'), ('P', '<f8'), ('ln_prior', '<f8')]), dtype('<f8')) -> None
2081883043383255808: unimodal=0, bimodal=-1, MCMC=0
2081883112102764288: is_P_Kmodal failed: ufunc 'add' did not contain a loop with signature matching types (dtype([('e', '<f8'), ('omega', '<f8'), ('M0', '<f8'), ('s', '<f8'), ('P', '<f8'), ('ln_prior', '<f8')]), dtype('<f8')) -> None
2081883112102764288: unimodal=0, bimodal=-1, MCMC=0
2081883283901827712: is_P_Kmodal failed: ufunc 'add' did not contain a loop with signature matching types (dtype([('e', '<f8'), ('omega', '<f8'), ('M0', '<f8'), ('s', '<f8'), ('P', '<f8'), ('ln_prior', '<f8')]), dtype('<f8')) -> None
2081883283901827712: unimodal=0, bimodal=-1, MCMC=0
2081883352621304704: is_P_Kmodal failed: ufunc 'add' did not contain a loop with signature matching types (dtype([('e', '<f8'), ('omega', '<f8'), ('M0', '<f8'), ('s', '<f8'), ('P', '<f8'), ('ln_prior', '<f8')]), dtype('<f8')) -> None
2081883352621304704: unimodal=0, bimodal=-1, MCMC=0
2081883386980653184: is_P_Kmodal failed: ufunc 'add' did not contain a loop with signature matching types (dtype([('e', '<f8'), ('omega', '<f8'), ('M0', '<f8'), ('s', '<f8'), ('P', '<f8'), ('ln_prior', '<f8')]), dtype('<f8')) -> None
2081883386980653184: unimodal=0, bimodal=-1, MCMC=0
2081883455700133760: is_P_Kmodal failed: ufunc 'add' did not contain a loop with signature matching types (dtype([('e', '<f8'), ('omega', '<f8'), ('M0', '<f8'), ('s', '<f8'), ('P', '<f8'), ('ln_prior', '<f8')]), dtype('<f8')) -> None
2081883455700133760: unimodal=0, bimodal=-1, MCMC=0
2081883696218360448: is_P_Kmodal failed: ufunc 'add' did not contain a loop with signature matching types (dtype([('e', '<f8'), ('omega', '<f8'), ('M0', '<f8'), ('s', '<f8'), ('P', '<f8'), ('ln_prior', '<f8')]), dtype('<f8')) -> None
2081883696218360448: unimodal=0, bimodal=-1, MCMC=0
2081883730578112128: is_P_Kmodal failed: ufunc 'add' did not contain a loop with signature matching types (dtype([('e', '<f8'), ('omega', '<f8'), ('M0', '<f8'), ('s', '<f8'), ('P', '<f8'), ('ln_prior', '<f8')]), dtype('<f8')) -> None
2081883730578112128: unimodal=0, bimodal=-1, MCMC=0
2081883936736540672: is_P_Kmodal failed: ufunc 'add' did not contain a loop with signature matching types (dtype([('e', '<f8'), ('omega', '<f8'), ('M0', '<f8'), ('s', '<f8'), ('P', '<f8'), ('ln_prior', '<f8')]), dtype('<f8')) -> None
2081883936736540672: unimodal=0, bimodal=-1, MCMC=0
2081883971096271232: is_P_Kmodal failed: ufunc 'add' did not contain a loop with signature matching types (dtype([('e', '<f8'), ('omega', '<f8'), ('M0', '<f8'), ('s', '<f8'), ('P', '<f8'), ('ln_prior', '<f8')]), dtype('<f8')) -> None
2081883971096271232: unimodal=0, bimodal=-1, MCMC=0
2081884314693681408: is_P_Kmodal failed: ufunc 'add' did not contain a loop with signature matching types (dtype([('e', '<f8'), ('omega', '<f8'), ('M0', '<f8'), ('s', '<f8'), ('P', '<f8'), ('ln_prior', '<f8')]), dtype('<f8')) -> None
2081884314693681408: unimodal=0, bimodal=-1, MCMC=0
2081884623931281024: is_P_Kmodal failed: ufunc 'add' did not contain a loop with signature matching types (dtype([('e', '<f8'), ('omega', '<f8'), ('M0', '<f8'), ('s', '<f8'), ('P', '<f8'), ('ln_prior', '<f8')]), dtype('<f8')) -> None
2081884623931281024: unimodal=0, bimodal=-1, MCMC=0
2081884658290989312: is_P_Kmodal failed: ufunc 'add' did not contain a loop with signature matching types (dtype([('e', '<f8'), ('omega', '<f8'), ('M0', '<f8'), ('s', '<f8'), ('P', '<f8'), ('ln_prior', '<f8')]), dtype('<f8')) -> None
2081884658290989312: unimodal=0, bimodal=-1, MCMC=0
2081884795729972992: is_P_Kmodal failed: ufunc 'add' did not contain a loop with signature matching types (dtype([('e', '<f8'), ('omega', '<f8'), ('M0', '<f8'), ('s', '<f8'), ('P', '<f8'), ('ln_prior', '<f8')]), dtype('<f8')) -> None
2081884795729972992: unimodal=0, bimodal=-1, MCMC=0
2081884864449429632: is_P_Kmodal failed: ufunc 'add' did not contain a loop with signature matching types (dtype([('e', '<f8'), ('omega', '<f8'), ('M0', '<f8'), ('s', '<f8'), ('P', '<f8'), ('ln_prior', '<f8')]), dtype('<f8')) -> None
2081884864449429632: unimodal=0, bimodal=-1, MCMC=0
2081884933168896640: is_P_Kmodal failed: ufunc 'add' did not contain a loop with signature matching types (dtype([('e', '<f8'), ('omega', '<f8'), ('M0', '<f8'), ('s', '<f8'), ('P', '<f8'), ('ln_prior', '<f8')]), dtype('<f8')) -> None
2081884933168896640: unimodal=0, bimodal=-1, MCMC=0
2081885104967623424: is_P_Kmodal failed: ufunc 'add' did not contain a loop with signature matching types (dtype([('e', '<f8'), ('omega', '<f8'), ('M0', '<f8'), ('s', '<f8'), ('P', '<f8'), ('ln_prior', '<f8')]), dtype('<f8')) -> None
2081885104967623424: unimodal=0, bimodal=-1, MCMC=0
2081885276766369792: is_P_Kmodal failed: ufunc 'add' did not contain a loop with signature matching types (dtype([('e', '<f8'), ('omega', '<f8'), ('M0', '<f8'), ('s', '<f8'), ('P', '<f8'), ('ln_prior', '<f8')]), dtype('<f8')) -> None
2081885276766369792: unimodal=0, bimodal=-1, MCMC=0
2081885311126130432: is_P_Kmodal failed: ufunc 'add' did not contain a loop with signature matching types (dtype([('e', '<f8'), ('omega', '<f8'), ('M0', '<f8'), ('s', '<f8'), ('P', '<f8'), ('ln_prior', '<f8')]), dtype('<f8')) -> None
2081885311126130432: unimodal=0, bimodal=-1, MCMC=0
2081885448565043584: is_P_Kmodal failed: ufunc 'add' did not contain a loop with signature matching types (dtype([('e', '<f8'), ('omega', '<f8'), ('M0', '<f8'), ('s', '<f8'), ('P', '<f8'), ('ln_prior', '<f8')]), dtype('<f8')) -> None
2081885448565043584: unimodal=0, bimodal=-1, MCMC=0
2081885581696839552: is_P_Kmodal failed: ufunc 'add' did not contain a loop with signature matching types (dtype([('e', '<f8'), ('omega', '<f8'), ('M0', '<f8'), ('s', '<f8'), ('P', '<f8'), ('ln_prior', '<f8')]), dtype('<f8')) -> None
2081885581696839552: unimodal=0, bimodal=-1, MCMC=0
2081886891674137728: is_P_Kmodal failed: ufunc 'add' did not contain a loop with signature matching types (dtype([('e', '<f8'), ('omega', '<f8'), ('M0', '<f8'), ('s', '<f8'), ('P', '<f8'), ('ln_prior', '<f8')]), dtype('<f8')) -> None
2081886891674137728: unimodal=0, bimodal=-1, MCMC=0
2081886891674141952: is_P_Kmodal failed: ufunc 'add' did not contain a loop with signature matching types (dtype([('e', '<f8'), ('omega', '<f8'), ('M0', '<f8'), ('s', '<f8'), ('P', '<f8'), ('ln_prior', '<f8')]), dtype('<f8')) -> None
2081886891674141952: unimodal=0, bimodal=-1, MCMC=0
2081887132192285440: is_P_Kmodal failed: ufunc 'add' did not contain a loop with signature matching types (dtype([('e', '<f8'), ('omega', '<f8'), ('M0', '<f8'), ('s', '<f8'), ('P', '<f8'), ('ln_prior', '<f8')]), dtype('<f8')) -> None
2081887132192285440: unimodal=0, bimodal=-1, MCMC=0
2081887166552036224: is_P_Kmodal failed: ufunc 'add' did not contain a loop with signature matching types (dtype([('e', '<f8'), ('omega', '<f8'), ('M0', '<f8'), ('s', '<f8'), ('P', '<f8'), ('ln_prior', '<f8')]), dtype('<f8')) -> None
2081887166552036224: unimodal=0, bimodal=-1, MCMC=0
2081887613228677376: is_P_Kmodal failed: ufunc 'add' did not contain a loop with signature matching types (dtype([('e', '<f8'), ('omega', '<f8'), ('M0', '<f8'), ('s', '<f8'), ('P', '<f8'), ('ln_prior', '<f8')]), dtype('<f8')) -> None
2081887613228677376: unimodal=0, bimodal=-1, MCMC=0
2081890121489533952: is_P_Kmodal failed: ufunc 'add' did not contain a loop with signature matching types (dtype([('e', '<f8'), ('omega', '<f8'), ('M0', '<f8'), ('s', '<f8'), ('P', '<f8'), ('ln_prior', '<f8')]), dtype('<f8')) -> None
2081890121489533952: unimodal=0, bimodal=-1, MCMC=0
2081890155849265024: unimodal=1, bimodal=0, MCMC=1
2081890258928513152: is_P_Kmodal failed: ufunc 'add' did not contain a loop with signature matching types (dtype([('e', '<f8'), ('omega', '<f8'), ('M0', '<f8'), ('s', '<f8'), ('P', '<f8'), ('ln_prior', '<f8')]), dtype('<f8')) -> None
2081890258928513152: unimodal=0, bimodal=-1, MCMC=0
2081890288980930560: is_P_Kmodal failed: ufunc 'add' did not contain a loop with signature matching types (dtype([('e', '<f8'), ('omega', '<f8'), ('M0', '<f8'), ('s', '<f8'), ('P', '<f8'), ('ln_prior', '<f8')]), dtype('<f8')) -> None
2081890288980930560: unimodal=0, bimodal=-1, MCMC=0
2081890362007685760: is_P_Kmodal failed: ufunc 'add' did not contain a loop with signature matching types (dtype([('e', '<f8'), ('omega', '<f8'), ('M0', '<f8'), ('s', '<f8'), ('P', '<f8'), ('ln_prior', '<f8')]), dtype('<f8')) -> None
2081890362007685760: unimodal=0, bimodal=-1, MCMC=0
2081890499446664064: is_P_Kmodal failed: ufunc 'add' did not contain a loop with signature matching types (dtype([('e', '<f8'), ('omega', '<f8'), ('M0', '<f8'), ('s', '<f8'), ('P', '<f8'), ('ln_prior', '<f8')]), dtype('<f8')) -> None
2081890499446664064: unimodal=0, bimodal=-1, MCMC=0
2081891186641405440: is_P_Kmodal failed: ufunc 'add' did not contain a loop with signature matching types (dtype([('e', '<f8'), ('omega', '<f8'), ('M0', '<f8'), ('s', '<f8'), ('P', '<f8'), ('ln_prior', '<f8')]), dtype('<f8')) -> None
2081891186641405440: unimodal=0, bimodal=-1, MCMC=0
2081891255360877568: is_P_Kmodal failed: ufunc 'add' did not contain a loop with signature matching types (dtype([('e', '<f8'), ('omega', '<f8'), ('M0', '<f8'), ('s', '<f8'), ('P', '<f8'), ('ln_prior', '<f8')]), dtype('<f8')) -> None
2081891255360877568: unimodal=0, bimodal=-1, MCMC=0
2081891594650263424: is_P_Kmodal failed: ufunc 'add' did not contain a loop with signature matching types (dtype([('e', '<f8'), ('omega', '<f8'), ('M0', '<f8'), ('s', '<f8'), ('P', '<f8'), ('ln_prior', '<f8')]), dtype('<f8')) -> None
2081891594650263424: unimodal=0, bimodal=-1, MCMC=0
2081891667677758336: is_P_Kmodal failed: ufunc 'add' did not contain a loop with signature matching types (dtype([('e', '<f8'), ('omega', '<f8'), ('M0', '<f8'), ('s', '<f8'), ('P', '<f8'), ('ln_prior', '<f8')]), dtype('<f8')) -> None
2081891667677758336: unimodal=0, bimodal=-1, MCMC=0
2081892011275170560: is_P_Kmodal failed: ufunc 'add' did not contain a loop with signature matching types (dtype([('e', '<f8'), ('omega', '<f8'), ('M0', '<f8'), ('s', '<f8'), ('P', '<f8'), ('ln_prior', '<f8')]), dtype('<f8')) -> None
2081892011275170560: unimodal=0, bimodal=-1, MCMC=0
2082070544473418880: is_P_Kmodal failed: ufunc 'add' did not contain a loop with signature matching types (dtype([('e', '<f8'), ('omega', '<f8'), ('M0', '<f8'), ('s', '<f8'), ('P', '<f8'), ('ln_prior', '<f8')]), dtype('<f8')) -> None
2082070544473418880: unimodal=0, bimodal=-1, MCMC=0
2082070819351324800: is_P_Kmodal failed: ufunc 'add' did not contain a loop with signature matching types (dtype([('e', '<f8'), ('omega', '<f8'), ('M0', '<f8'), ('s', '<f8'), ('P', '<f8'), ('ln_prior', '<f8')]), dtype('<f8')) -> None
2082070819351324800: unimodal=0, bimodal=-1, MCMC=0
2082070922430542592: is_P_Kmodal failed: ufunc 'add' did not contain a loop with signature matching types (dtype([('e', '<f8'), ('omega', '<f8'), ('M0', '<f8'), ('s', '<f8'), ('P', '<f8'), ('ln_prior', '<f8')]), dtype('<f8')) -> None
2082070922430542592: unimodal=0, bimodal=-1, MCMC=0
2082071025509770624: is_P_Kmodal failed: ufunc 'add' did not contain a loop with signature matching types (dtype([('e', '<f8'), ('omega', '<f8'), ('M0', '<f8'), ('s', '<f8'), ('P', '<f8'), ('ln_prior', '<f8')]), dtype('<f8')) -> None
2082071025509770624: unimodal=0, bimodal=-1, MCMC=0
2082071089923538176: is_P_Kmodal failed: ufunc 'add' did not contain a loop with signature matching types (dtype([('e', '<f8'), ('omega', '<f8'), ('M0', '<f8'), ('s', '<f8'), ('P', '<f8'), ('ln_prior', '<f8')]), dtype('<f8')) -> None
2082071089923538176: unimodal=0, bimodal=-1, MCMC=0
2082071094229260672: is_P_Kmodal failed: ufunc 'add' did not contain a loop with signature matching types (dtype([('e', '<f8'), ('omega', '<f8'), ('M0', '<f8'), ('s', '<f8'), ('P', '<f8'), ('ln_prior', '<f8')]), dtype('<f8')) -> None
2082071094229260672: unimodal=0, bimodal=-1, MCMC=0
2082071300387670656: is_P_Kmodal failed: ufunc 'add' did not contain a loop with signature matching types (dtype([('e', '<f8'), ('omega', '<f8'), ('M0', '<f8'), ('s', '<f8'), ('P', '<f8'), ('ln_prior', '<f8')]), dtype('<f8')) -> None
2082071300387670656: unimodal=0, bimodal=-1, MCMC=0
2082071399161235328: is_P_Kmodal failed: ufunc 'add' did not contain a loop with signature matching types (dtype([('e', '<f8'), ('omega', '<f8'), ('M0', '<f8'), ('s', '<f8'), ('P', '<f8'), ('ln_prior', '<f8')]), dtype('<f8')) -> None
2082071399161235328: unimodal=0, bimodal=-1, MCMC=0
2082071403466905600: is_P_Kmodal failed: ufunc 'add' did not contain a loop with signature matching types (dtype([('e', '<f8'), ('omega', '<f8'), ('M0', '<f8'), ('s', '<f8'), ('P', '<f8'), ('ln_prior', '<f8')]), dtype('<f8')) -> None
2082071403466905600: unimodal=0, bimodal=-1, MCMC=0
2082071472186382592: is_P_Kmodal failed: ufunc 'add' did not contain a loop with signature matching types (dtype([('e', '<f8'), ('omega', '<f8'), ('M0', '<f8'), ('s', '<f8'), ('P', '<f8'), ('ln_prior', '<f8')]), dtype('<f8')) -> None
2082071472186382592: unimodal=0, bimodal=-1, MCMC=0
2082071575265552640: is_P_Kmodal failed: ufunc 'add' did not contain a loop with signature matching types (dtype([('e', '<f8'), ('omega', '<f8'), ('M0', '<f8'), ('s', '<f8'), ('P', '<f8'), ('ln_prior', '<f8')]), dtype('<f8')) -> None
2082071575265552640: unimodal=0, bimodal=-1, MCMC=0
2082071609625295104: is_P_Kmodal failed: ufunc 'add' did not contain a loop with signature matching types (dtype([('e', '<f8'), ('omega', '<f8'), ('M0', '<f8'), ('s', '<f8'), ('P', '<f8'), ('ln_prior', '<f8')]), dtype('<f8')) -> None
2082071609625295104: unimodal=0, bimodal=-1, MCMC=0
2082071678344788992: is_P_Kmodal failed: ufunc 'add' did not contain a loop with signature matching types (dtype([('e', '<f8'), ('omega', '<f8'), ('M0', '<f8'), ('s', '<f8'), ('P', '<f8'), ('ln_prior', '<f8')]), dtype('<f8')) -> None
2082071678344788992: unimodal=0, bimodal=-1, MCMC=0
2082071747064257024: is_P_Kmodal failed: ufunc 'add' did not contain a loop with signature matching types (dtype([('e', '<f8'), ('omega', '<f8'), ('M0', '<f8'), ('s', '<f8'), ('P', '<f8'), ('ln_prior', '<f8')]), dtype('<f8')) -> None
2082071747064257024: unimodal=0, bimodal=-1, MCMC=0
2082071747064258048: is_P_Kmodal failed: ufunc 'add' did not contain a loop with signature matching types (dtype([('e', '<f8'), ('omega', '<f8'), ('M0', '<f8'), ('s', '<f8'), ('P', '<f8'), ('ln_prior', '<f8')]), dtype('<f8')) -> None
2082071747064258048: unimodal=0, bimodal=-1, MCMC=0
2082071781423979648: is_P_Kmodal failed: ufunc 'add' did not contain a loop with signature matching types (dtype([('e', '<f8'), ('omega', '<f8'), ('M0', '<f8'), ('s', '<f8'), ('P', '<f8'), ('ln_prior', '<f8')]), dtype('<f8')) -> None
2082071781423979648: unimodal=0, bimodal=-1, MCMC=0
2082071983276784768: skipping, no Joker samples
2082072193740880384: unimodal=1, bimodal=0, MCMC=1
2082072258154717568: is_P_Kmodal failed: ufunc 'add' did not contain a loop with signature matching types (dtype([('e', '<f8'), ('omega', '<f8'), ('M0', '<f8'), ('s', '<f8'), ('P', '<f8'), ('ln_prior', '<f8')]), dtype('<f8')) -> None
2082072258154717568: unimodal=0, bimodal=-1, MCMC=0
2082072365539563136: is_P_Kmodal failed: ufunc 'add' did not contain a loop with signature matching types (dtype([('e', '<f8'), ('omega', '<f8'), ('M0', '<f8'), ('s', '<f8'), ('P', '<f8'), ('ln_prior', '<f8')]), dtype('<f8')) -> None
2082072365539563136: unimodal=0, bimodal=-1, MCMC=0
2082072365539563904: is_P_Kmodal failed: ufunc 'add' did not contain a loop with signature matching types (dtype([('e', '<f8'), ('omega', '<f8'), ('M0', '<f8'), ('s', '<f8'), ('P', '<f8'), ('ln_prior', '<f8')]), dtype('<f8')) -> None
2082072365539563904: unimodal=0, bimodal=-1, MCMC=0
2082072502978527488: is_P_Kmodal failed: ufunc 'add' did not contain a loop with signature matching types (dtype([('e', '<f8'), ('omega', '<f8'), ('M0', '<f8'), ('s', '<f8'), ('P', '<f8'), ('ln_prior', '<f8')]), dtype('<f8')) -> None
2082072502978527488: unimodal=0, bimodal=-1, MCMC=0
2082072606057757440: is_P_Kmodal failed: ufunc 'add' did not contain a loop with signature matching types (dtype([('e', '<f8'), ('omega', '<f8'), ('M0', '<f8'), ('s', '<f8'), ('P', '<f8'), ('ln_prior', '<f8')]), dtype('<f8')) -> None
2082072606057757440: unimodal=0, bimodal=-1, MCMC=0
2082072709136974976: is_P_Kmodal failed: ufunc 'add' did not contain a loop with signature matching types (dtype([('e', '<f8'), ('omega', '<f8'), ('M0', '<f8'), ('s', '<f8'), ('P', '<f8'), ('ln_prior', '<f8')]), dtype('<f8')) -> None
2082072709136974976: unimodal=0, bimodal=-1, MCMC=0
2082072984014881024: is_P_Kmodal failed: ufunc 'add' did not contain a loop with signature matching types (dtype([('e', '<f8'), ('omega', '<f8'), ('M0', '<f8'), ('s', '<f8'), ('P', '<f8'), ('ln_prior', '<f8')]), dtype('<f8')) -> None
2082072984014881024: unimodal=0, bimodal=-1, MCMC=0
2082073018374622208: is_P_Kmodal failed: ufunc 'add' did not contain a loop with signature matching types (dtype([('e', '<f8'), ('omega', '<f8'), ('M0', '<f8'), ('s', '<f8'), ('P', '<f8'), ('ln_prior', '<f8')]), dtype('<f8')) -> None
2082073018374622208: unimodal=0, bimodal=-1, MCMC=0
2082073190173330176: is_P_Kmodal failed: ufunc 'add' did not contain a loop with signature matching types (dtype([('e', '<f8'), ('omega', '<f8'), ('M0', '<f8'), ('s', '<f8'), ('P', '<f8'), ('ln_prior', '<f8')]), dtype('<f8')) -> None
2082073190173330176: unimodal=0, bimodal=-1, MCMC=0
2082073224533062656: is_P_Kmodal failed: ufunc 'add' did not contain a loop with signature matching types (dtype([('e', '<f8'), ('omega', '<f8'), ('M0', '<f8'), ('s', '<f8'), ('P', '<f8'), ('ln_prior', '<f8')]), dtype('<f8')) -> None
2082073224533062656: unimodal=0, bimodal=-1, MCMC=0
2082073396331762816: is_P_Kmodal failed: ufunc 'add' did not contain a loop with signature matching types (dtype([('e', '<f8'), ('omega', '<f8'), ('M0', '<f8'), ('s', '<f8'), ('P', '<f8'), ('ln_prior', '<f8')]), dtype('<f8')) -> None
2082073396331762816: unimodal=0, bimodal=-1, MCMC=0
2082073499410969856: is_P_Kmodal failed: ufunc 'add' did not contain a loop with signature matching types (dtype([('e', '<f8'), ('omega', '<f8'), ('M0', '<f8'), ('s', '<f8'), ('P', '<f8'), ('ln_prior', '<f8')]), dtype('<f8')) -> None
2082073499410969856: unimodal=0, bimodal=-1, MCMC=0
2082073533770710912: is_P_Kmodal failed: ufunc 'add' did not contain a loop with signature matching types (dtype([('e', '<f8'), ('omega', '<f8'), ('M0', '<f8'), ('s', '<f8'), ('P', '<f8'), ('ln_prior', '<f8')]), dtype('<f8')) -> None
2082073533770710912: unimodal=0, bimodal=-1, MCMC=0
2082073705569379328: is_P_Kmodal failed: ufunc 'add' did not contain a loop with signature matching types (dtype([('e', '<f8'), ('omega', '<f8'), ('M0', '<f8'), ('s', '<f8'), ('P', '<f8'), ('ln_prior', '<f8')]), dtype('<f8')) -> None
2082073705569379328: unimodal=0, bimodal=-1, MCMC=0
2082073843008341760: is_P_Kmodal failed: ufunc 'add' did not contain a loop with signature matching types (dtype([('e', '<f8'), ('omega', '<f8'), ('M0', '<f8'), ('s', '<f8'), ('P', '<f8'), ('ln_prior', '<f8')]), dtype('<f8')) -> None
2082073843008341760: unimodal=0, bimodal=-1, MCMC=0
2082073980447280768: is_P_Kmodal failed: ufunc 'add' did not contain a loop with signature matching types (dtype([('e', '<f8'), ('omega', '<f8'), ('M0', '<f8'), ('s', '<f8'), ('P', '<f8'), ('ln_prior', '<f8')]), dtype('<f8')) -> None
2082073980447280768: unimodal=0, bimodal=-1, MCMC=0
2082073980447283712: is_P_Kmodal failed: ufunc 'add' did not contain a loop with signature matching types (dtype([('e', '<f8'), ('omega', '<f8'), ('M0', '<f8'), ('s', '<f8'), ('P', '<f8'), ('ln_prior', '<f8')]), dtype('<f8')) -> None
2082073980447283712: unimodal=0, bimodal=-1, MCMC=0
2082074044861182336: is_P_Kmodal failed: ufunc 'add' did not contain a loop with signature matching types (dtype([('e', '<f8'), ('omega', '<f8'), ('M0', '<f8'), ('s', '<f8'), ('P', '<f8'), ('ln_prior', '<f8')]), dtype('<f8')) -> None
2082074044861182336: unimodal=0, bimodal=-1, MCMC=0
2082074049166759808: is_P_Kmodal failed: ufunc 'add' did not contain a loop with signature matching types (dtype([('e', '<f8'), ('omega', '<f8'), ('M0', '<f8'), ('s', '<f8'), ('P', '<f8'), ('ln_prior', '<f8')]), dtype('<f8')) -> None
2082074049166759808: unimodal=0, bimodal=-1, MCMC=0
2082074113580677376: is_P_Kmodal failed: ufunc 'add' did not contain a loop with signature matching types (dtype([('e', '<f8'), ('omega', '<f8'), ('M0', '<f8'), ('s', '<f8'), ('P', '<f8'), ('ln_prior', '<f8')]), dtype('<f8')) -> None
2082074113580677376: unimodal=0, bimodal=-1, MCMC=0
2082074220965462912: is_P_Kmodal failed: ufunc 'add' did not contain a loop with signature matching types (dtype([('e', '<f8'), ('omega', '<f8'), ('M0', '<f8'), ('s', '<f8'), ('P', '<f8'), ('ln_prior', '<f8')]), dtype('<f8')) -> None
2082074220965462912: unimodal=0, bimodal=-1, MCMC=0
2082074255325212160: is_P_Kmodal failed: ufunc 'add' did not contain a loop with signature matching types (dtype([('e', '<f8'), ('omega', '<f8'), ('M0', '<f8'), ('s', '<f8'), ('P', '<f8'), ('ln_prior', '<f8')]), dtype('<f8')) -> None
2082074255325212160: unimodal=0, bimodal=-1, MCMC=0
2082074908160172032: is_P_Kmodal failed: ufunc 'add' did not contain a loop with signature matching types (dtype([('e', '<f8'), ('omega', '<f8'), ('M0', '<f8'), ('s', '<f8'), ('P', '<f8'), ('ln_prior', '<f8')]), dtype('<f8')) -> None
2082074908160172032: unimodal=0, bimodal=-1, MCMC=0
2082074942519920768: is_P_Kmodal failed: ufunc 'add' did not contain a loop with signature matching types (dtype([('e', '<f8'), ('omega', '<f8'), ('M0', '<f8'), ('s', '<f8'), ('P', '<f8'), ('ln_prior', '<f8')]), dtype('<f8')) -> None
2082074942519920768: unimodal=0, bimodal=-1, MCMC=0
2082075079958860288: is_P_Kmodal failed: ufunc 'add' did not contain a loop with signature matching types (dtype([('e', '<f8'), ('omega', '<f8'), ('M0', '<f8'), ('s', '<f8'), ('P', '<f8'), ('ln_prior', '<f8')]), dtype('<f8')) -> None
2082075079958860288: unimodal=0, bimodal=-1, MCMC=0
2082075251757564544: is_P_Kmodal failed: ufunc 'add' did not contain a loop with signature matching types (dtype([('e', '<f8'), ('omega', '<f8'), ('M0', '<f8'), ('s', '<f8'), ('P', '<f8'), ('ln_prior', '<f8')]), dtype('<f8')) -> None
2082075251757564544: unimodal=0, bimodal=-1, MCMC=0
2082075389196532864: is_P_Kmodal failed: ufunc 'add' did not contain a loop with signature matching types (dtype([('e', '<f8'), ('omega', '<f8'), ('M0', '<f8'), ('s', '<f8'), ('P', '<f8'), ('ln_prior', '<f8')]), dtype('<f8')) -> None
2082075389196532864: unimodal=0, bimodal=-1, MCMC=0
2082075389196534144: is_P_Kmodal failed: ufunc 'add' did not contain a loop with signature matching types (dtype([('e', '<f8'), ('omega', '<f8'), ('M0', '<f8'), ('s', '<f8'), ('P', '<f8'), ('ln_prior', '<f8')]), dtype('<f8')) -> None
2082075389196534144: unimodal=0, bimodal=-1, MCMC=0
2082075492275758592: is_P_Kmodal failed: ufunc 'add' did not contain a loop with signature matching types (dtype([('e', '<f8'), ('omega', '<f8'), ('M0', '<f8'), ('s', '<f8'), ('P', '<f8'), ('ln_prior', '<f8')]), dtype('<f8')) -> None
2082075492275758592: unimodal=0, bimodal=-1, MCMC=0
2082075526635499392: is_P_Kmodal failed: ufunc 'add' did not contain a loop with signature matching types (dtype([('e', '<f8'), ('omega', '<f8'), ('M0', '<f8'), ('s', '<f8'), ('P', '<f8'), ('ln_prior', '<f8')]), dtype('<f8')) -> None
2082075526635499392: unimodal=0, bimodal=-1, MCMC=0
2082075664074609280: is_P_Kmodal failed: ufunc 'add' did not contain a loop with signature matching types (dtype([('e', '<f8'), ('omega', '<f8'), ('M0', '<f8'), ('s', '<f8'), ('P', '<f8'), ('ln_prior', '<f8')]), dtype('<f8')) -> None
2082075664074609280: unimodal=0, bimodal=-1, MCMC=0
2082075938952320512: is_P_Kmodal failed: ufunc 'add' did not contain a loop with signature matching types (dtype([('e', '<f8'), ('omega', '<f8'), ('M0', '<f8'), ('s', '<f8'), ('P', '<f8'), ('ln_prior', '<f8')]), dtype('<f8')) -> None
2082075938952320512: unimodal=0, bimodal=-1, MCMC=0
2082076042031691392: is_P_Kmodal failed: ufunc 'add' did not contain a loop with signature matching types (dtype([('e', '<f8'), ('omega', '<f8'), ('M0', '<f8'), ('s', '<f8'), ('P', '<f8'), ('ln_prior', '<f8')]), dtype('<f8')) -> None
2082076042031691392: unimodal=0, bimodal=-1, MCMC=0
2082076243884437376: is_P_Kmodal failed: ufunc 'add' did not contain a loop with signature matching types (dtype([('e', '<f8'), ('omega', '<f8'), ('M0', '<f8'), ('s', '<f8'), ('P', '<f8'), ('ln_prior', '<f8')]), dtype('<f8')) -> None
2082076243884437376: unimodal=0, bimodal=-1, MCMC=0
2082076724920834688: is_P_Kmodal failed: ufunc 'add' did not contain a loop with signature matching types (dtype([('e', '<f8'), ('omega', '<f8'), ('M0', '<f8'), ('s', '<f8'), ('P', '<f8'), ('ln_prior', '<f8')]), dtype('<f8')) -> None
2082076724920834688: unimodal=0, bimodal=-1, MCMC=0
2082077004104256512: is_P_Kmodal failed: ufunc 'add' did not contain a loop with signature matching types (dtype([('e', '<f8'), ('omega', '<f8'), ('M0', '<f8'), ('s', '<f8'), ('P', '<f8'), ('ln_prior', '<f8')]), dtype('<f8')) -> None
2082077004104256512: unimodal=0, bimodal=-1, MCMC=0
2082077038463999232: is_P_Kmodal failed: ufunc 'add' did not contain a loop with signature matching types (dtype([('e', '<f8'), ('omega', '<f8'), ('M0', '<f8'), ('s', '<f8'), ('P', '<f8'), ('ln_prior', '<f8')]), dtype('<f8')) -> None
2082077038463999232: unimodal=0, bimodal=-1, MCMC=0
2082077553860290432: is_P_Kmodal failed: ufunc 'add' did not contain a loop with signature matching types (dtype([('e', '<f8'), ('omega', '<f8'), ('M0', '<f8'), ('s', '<f8'), ('P', '<f8'), ('ln_prior', '<f8')]), dtype('<f8')) -> None
2082077553860290432: unimodal=0, bimodal=-1, MCMC=0
2082079203127549568: is_P_Kmodal failed: ufunc 'add' did not contain a loop with signature matching types (dtype([('e', '<f8'), ('omega', '<f8'), ('M0', '<f8'), ('s', '<f8'), ('P', '<f8'), ('ln_prior', '<f8')]), dtype('<f8')) -> None
2082079203127549568: unimodal=0, bimodal=-1, MCMC=0
2082079340566507264: is_P_Kmodal failed: ufunc 'add' did not contain a loop with signature matching types (dtype([('e', '<f8'), ('omega', '<f8'), ('M0', '<f8'), ('s', '<f8'), ('P', '<f8'), ('ln_prior', '<f8')]), dtype('<f8')) -> None
2082079340566507264: unimodal=0, bimodal=-1, MCMC=0
2082079409285982208: is_P_Kmodal failed: ufunc 'add' did not contain a loop with signature matching types (dtype([('e', '<f8'), ('omega', '<f8'), ('M0', '<f8'), ('s', '<f8'), ('P', '<f8'), ('ln_prior', '<f8')]), dtype('<f8')) -> None
2082079409285982208: unimodal=0, bimodal=-1, MCMC=0
2082080302639174528: is_P_Kmodal failed: ufunc 'add' did not contain a loop with signature matching types (dtype([('e', '<f8'), ('omega', '<f8'), ('M0', '<f8'), ('s', '<f8'), ('P', '<f8'), ('ln_prior', '<f8')]), dtype('<f8')) -> None
2082080302639174528: unimodal=0, bimodal=-1, MCMC=0
2082087999220609152: is_P_Kmodal failed: ufunc 'add' did not contain a loop with signature matching types (dtype([('e', '<f8'), ('omega', '<f8'), ('M0', '<f8'), ('s', '<f8'), ('P', '<f8'), ('ln_prior', '<f8')]), dtype('<f8')) -> None
2082087999220609152: unimodal=0, bimodal=-1, MCMC=0
2128015385881451008: is_P_Kmodal failed: ufunc 'add' did not contain a loop with signature matching types (dtype([('e', '<f8'), ('omega', '<f8'), ('M0', '<f8'), ('s', '<f8'), ('P', '<f8'), ('ln_prior', '<f8')]), dtype('<f8')) -> None
2128015385881451008: unimodal=0, bimodal=-1, MCMC=0
2128016695853799296: is_P_Kmodal failed: ufunc 'add' did not contain a loop with signature matching types (dtype([('e', '<f8'), ('omega', '<f8'), ('M0', '<f8'), ('s', '<f8'), ('P', '<f8'), ('ln_prior', '<f8')]), dtype('<f8')) -> None
2128016695853799296: unimodal=0, bimodal=-1, MCMC=0
2128018890577388672: skipping, no Joker samples
2128020922102070400: is_P_Kmodal failed: ufunc 'add' did not contain a loop with signature matching types (dtype([('e', '<f8'), ('omega', '<f8'), ('M0', '<f8'), ('s', '<f8'), ('P', '<f8'), ('ln_prior', '<f8')]), dtype('<f8')) -> None
2128020922102070400: unimodal=0, bimodal=-1, MCMC=0
2128020990821545600: is_P_Kmodal failed: ufunc 'add' did not contain a loop with signature matching types (dtype([('e', '<f8'), ('omega', '<f8'), ('M0', '<f8'), ('s', '<f8'), ('P', '<f8'), ('ln_prior', '<f8')]), dtype('<f8')) -> None
2128020990821545600: unimodal=0, bimodal=-1, MCMC=0
2128021158320430720: is_P_Kmodal failed: ufunc 'add' did not contain a loop with signature matching types (dtype([('e', '<f8'), ('omega', '<f8'), ('M0', '<f8'), ('s', '<f8'), ('P', '<f8'), ('ln_prior', '<f8')]), dtype('<f8')) -> None
2128021158320430720: unimodal=0, bimodal=-1, MCMC=0
2128067445187794816: unimodal=0, bimodal=1, MCMC=1
2128067823144933376: is_P_Kmodal failed: ufunc 'add' did not contain a loop with signature matching types (dtype([('e', '<f8'), ('omega', '<f8'), ('M0', '<f8'), ('s', '<f8'), ('P', '<f8'), ('ln_prior', '<f8')]), dtype('<f8')) -> None
2128067823144933376: unimodal=0, bimodal=-1, MCMC=0
2128067891864407296: is_P_Kmodal failed: ufunc 'add' did not contain a loop with signature matching types (dtype([('e', '<f8'), ('omega', '<f8'), ('M0', '<f8'), ('s', '<f8'), ('P', '<f8'), ('ln_prior', '<f8')]), dtype('<f8')) -> None
2128067891864407296: unimodal=0, bimodal=-1, MCMC=0
2128069334973424000: is_P_Kmodal failed: ufunc 'add' did not contain a loop with signature matching types (dtype([('e', '<f8'), ('omega', '<f8'), ('M0', '<f8'), ('s', '<f8'), ('P', '<f8'), ('ln_prior', '<f8')]), dtype('<f8')) -> None
2128069334973424000: unimodal=0, bimodal=-1, MCMC=0
2128093592947472512: is_P_Kmodal failed: ufunc 'add' did not contain a loop with signature matching types (dtype([('e', '<f8'), ('omega', '<f8'), ('M0', '<f8'), ('s', '<f8'), ('P', '<f8'), ('ln_prior', '<f8')]), dtype('<f8')) -> None
2128093592947472512: unimodal=0, bimodal=-1, MCMC=0
2128094623739688704: is_P_Kmodal failed: ufunc 'add' did not contain a loop with signature matching types (dtype([('e', '<f8'), ('omega', '<f8'), ('M0', '<f8'), ('s', '<f8'), ('P', '<f8'), ('ln_prior', '<f8')]), dtype('<f8')) -> None
2128094623739688704: unimodal=0, bimodal=-1, MCMC=0
2128094864257815552: is_P_Kmodal failed: ufunc 'add' did not contain a loop with signature matching types (dtype([('e', '<f8'), ('omega', '<f8'), ('M0', '<f8'), ('s', '<f8'), ('P', '<f8'), ('ln_prior', '<f8')]), dtype('<f8')) -> None
2128094864257815552: unimodal=0, bimodal=-1, MCMC=0
2128095104776005248: is_P_Kmodal failed: ufunc 'add' did not contain a loop with signature matching types (dtype([('e', '<f8'), ('omega', '<f8'), ('M0', '<f8'), ('s', '<f8'), ('P', '<f8'), ('ln_prior', '<f8')]), dtype('<f8')) -> None
2128095104776005248: unimodal=0, bimodal=-1, MCMC=0
2128095620172099072: is_P_Kmodal failed: ufunc 'add' did not contain a loop with signature matching types (dtype([('e', '<f8'), ('omega', '<f8'), ('M0', '<f8'), ('s', '<f8'), ('P', '<f8'), ('ln_prior', '<f8')]), dtype('<f8')) -> None
2128095620172099072: unimodal=0, bimodal=-1, MCMC=0
2128095654531845504: is_P_Kmodal failed: ufunc 'add' did not contain a loop with signature matching types (dtype([('e', '<f8'), ('omega', '<f8'), ('M0', '<f8'), ('s', '<f8'), ('P', '<f8'), ('ln_prior', '<f8')]), dtype('<f8')) -> None
2128095654531845504: unimodal=0, bimodal=-1, MCMC=0
2128095723251310464: unimodal=1, bimodal=0, MCMC=1
2128096616604445440: is_P_Kmodal failed: ufunc 'add' did not contain a loop with signature matching types (dtype([('e', '<f8'), ('omega', '<f8'), ('M0', '<f8'), ('s', '<f8'), ('P', '<f8'), ('ln_prior', '<f8')]), dtype('<f8')) -> None
2128096616604445440: unimodal=0, bimodal=-1, MCMC=0
2128097333857245184: is_P_Kmodal failed: ufunc 'add' did not contain a loop with signature matching types (dtype([('e', '<f8'), ('omega', '<f8'), ('M0', '<f8'), ('s', '<f8'), ('P', '<f8'), ('ln_prior', '<f8')]), dtype('<f8')) -> None
2128097333857245184: unimodal=0, bimodal=-1, MCMC=0
2128097441238130432: is_P_Kmodal failed: ufunc 'add' did not contain a loop with signature matching types (dtype([('e', '<f8'), ('omega', '<f8'), ('M0', '<f8'), ('s', '<f8'), ('P', '<f8'), ('ln_prior', '<f8')]), dtype('<f8')) -> None
2128097441238130432: unimodal=0, bimodal=-1, MCMC=0
2128097750468944512: is_P_Kmodal failed: ufunc 'add' did not contain a loop with signature matching types (dtype([('e', '<f8'), ('omega', '<f8'), ('M0', '<f8'), ('s', '<f8'), ('P', '<f8'), ('ln_prior', '<f8')]), dtype('<f8')) -> None
2128097750468944512: unimodal=0, bimodal=-1, MCMC=0
2128098261570356992: is_P_Kmodal failed: ufunc 'add' did not contain a loop with signature matching types (dtype([('e', '<f8'), ('omega', '<f8'), ('M0', '<f8'), ('s', '<f8'), ('P', '<f8'), ('ln_prior', '<f8')]), dtype('<f8')) -> None
2128098261570356992: unimodal=0, bimodal=-1, MCMC=0
2128098295929917440: is_P_Kmodal failed: ufunc 'add' did not contain a loop with signature matching types (dtype([('e', '<f8'), ('omega', '<f8'), ('M0', '<f8'), ('s', '<f8'), ('P', '<f8'), ('ln_prior', '<f8')]), dtype('<f8')) -> None
2128098295929917440: unimodal=0, bimodal=-1, MCMC=0
2128098849987500160: is_P_Kmodal failed: ufunc 'add' did not contain a loop with signature matching types (dtype([('e', '<f8'), ('omega', '<f8'), ('M0', '<f8'), ('s', '<f8'), ('P', '<f8'), ('ln_prior', '<f8')]), dtype('<f8')) -> None
2128098849987500160: unimodal=0, bimodal=-1, MCMC=0
2128099502815725952: is_P_Kmodal failed: ufunc 'add' did not contain a loop with signature matching types (dtype([('e', '<f8'), ('omega', '<f8'), ('M0', '<f8'), ('s', '<f8'), ('P', '<f8'), ('ln_prior', '<f8')]), dtype('<f8')) -> None
2128099502815725952: unimodal=0, bimodal=-1, MCMC=0
2128099640261435008: is_P_Kmodal failed: ufunc 'add' did not contain a loop with signature matching types (dtype([('e', '<f8'), ('omega', '<f8'), ('M0', '<f8'), ('s', '<f8'), ('P', '<f8'), ('ln_prior', '<f8')]), dtype('<f8')) -> None
2128099640261435008: unimodal=0, bimodal=-1, MCMC=0
2128099880772897280: is_P_Kmodal failed: ufunc 'add' did not contain a loop with signature matching types (dtype([('e', '<f8'), ('omega', '<f8'), ('M0', '<f8'), ('s', '<f8'), ('P', '<f8'), ('ln_prior', '<f8')]), dtype('<f8')) -> None
2128099880772897280: unimodal=0, bimodal=-1, MCMC=0
2128099983858866816: unimodal=1, bimodal=0, MCMC=1
2128100052578340352: is_P_Kmodal failed: ufunc 'add' did not contain a loop with signature matching types (dtype([('e', '<f8'), ('omega', '<f8'), ('M0', '<f8'), ('s', '<f8'), ('P', '<f8'), ('ln_prior', '<f8')]), dtype('<f8')) -> None
2128100052578340352: unimodal=0, bimodal=-1, MCMC=0
2128100086938058880: is_P_Kmodal failed: ufunc 'add' did not contain a loop with signature matching types (dtype([('e', '<f8'), ('omega', '<f8'), ('M0', '<f8'), ('s', '<f8'), ('P', '<f8'), ('ln_prior', '<f8')]), dtype('<f8')) -> None
2128100086938058880: unimodal=0, bimodal=-1, MCMC=0
2128101014651067392: is_P_Kmodal failed: ufunc 'add' did not contain a loop with signature matching types (dtype([('e', '<f8'), ('omega', '<f8'), ('M0', '<f8'), ('s', '<f8'), ('P', '<f8'), ('ln_prior', '<f8')]), dtype('<f8')) -> None
2128101014651067392: unimodal=0, bimodal=-1, MCMC=0
2128101182149575808: skipping, no Joker samples
2128101560106699648: is_P_Kmodal failed: ufunc 'add' did not contain a loop with signature matching types (dtype([('e', '<f8'), ('omega', '<f8'), ('M0', '<f8'), ('s', '<f8'), ('P', '<f8'), ('ln_prior', '<f8')]), dtype('<f8')) -> None
2128101560106699648: unimodal=0, bimodal=-1, MCMC=0
2128101804925014272: is_P_Kmodal failed: ufunc 'add' did not contain a loop with signature matching types (dtype([('e', '<f8'), ('omega', '<f8'), ('M0', '<f8'), ('s', '<f8'), ('P', '<f8'), ('ln_prior', '<f8')]), dtype('<f8')) -> None
2128101804925014272: unimodal=0, bimodal=-1, MCMC=0
2128101873644507008: is_P_Kmodal failed: ufunc 'add' did not contain a loop with signature matching types (dtype([('e', '<f8'), ('omega', '<f8'), ('M0', '<f8'), ('s', '<f8'), ('P', '<f8'), ('ln_prior', '<f8')]), dtype('<f8')) -> None
2128101873644507008: unimodal=0, bimodal=-1, MCMC=0
2128101976725587072: is_P_Kmodal failed: ufunc 'add' did not contain a loop with signature matching types (dtype([('e', '<f8'), ('omega', '<f8'), ('M0', '<f8'), ('s', '<f8'), ('P', '<f8'), ('ln_prior', '<f8')]), dtype('<f8')) -> None
2128101976725587072: unimodal=0, bimodal=-1, MCMC=0
2128102114162692224: is_P_Kmodal failed: ufunc 'add' did not contain a loop with signature matching types (dtype([('e', '<f8'), ('omega', '<f8'), ('M0', '<f8'), ('s', '<f8'), ('P', '<f8'), ('ln_prior', '<f8')]), dtype('<f8')) -> None
2128102114162692224: unimodal=0, bimodal=-1, MCMC=0
2128102492119815168: skipping, no Joker samples
2128102526479557248: is_P_Kmodal failed: ufunc 'add' did not contain a loop with signature matching types (dtype([('e', '<f8'), ('omega', '<f8'), ('M0', '<f8'), ('s', '<f8'), ('P', '<f8'), ('ln_prior', '<f8')]), dtype('<f8')) -> None
2128102526479557248: unimodal=0, bimodal=-1, MCMC=0
2128102698278273536: is_P_Kmodal failed: ufunc 'add' did not contain a loop with signature matching types (dtype([('e', '<f8'), ('omega', '<f8'), ('M0', '<f8'), ('s', '<f8'), ('P', '<f8'), ('ln_prior', '<f8')]), dtype('<f8')) -> None
2128102698278273536: unimodal=0, bimodal=-1, MCMC=0
2128102801357490048: unimodal=1, bimodal=0, MCMC=1
2128102870076957440: is_P_Kmodal failed: ufunc 'add' did not contain a loop with signature matching types (dtype([('e', '<f8'), ('omega', '<f8'), ('M0', '<f8'), ('s', '<f8'), ('P', '<f8'), ('ln_prior', '<f8')]), dtype('<f8')) -> None
2128102870076957440: unimodal=0, bimodal=-1, MCMC=0
2128102938796432768: is_P_Kmodal failed: ufunc 'add' did not contain a loop with signature matching types (dtype([('e', '<f8'), ('omega', '<f8'), ('M0', '<f8'), ('s', '<f8'), ('P', '<f8'), ('ln_prior', '<f8')]), dtype('<f8')) -> None
2128102938796432768: unimodal=0, bimodal=-1, MCMC=0
2128102938796435712: is_P_Kmodal failed: ufunc 'add' did not contain a loop with signature matching types (dtype([('e', '<f8'), ('omega', '<f8'), ('M0', '<f8'), ('s', '<f8'), ('P', '<f8'), ('ln_prior', '<f8')]), dtype('<f8')) -> None
2128102938796435712: unimodal=0, bimodal=-1, MCMC=0
2128103179314615296: is_P_Kmodal failed: ufunc 'add' did not contain a loop with signature matching types (dtype([('e', '<f8'), ('omega', '<f8'), ('M0', '<f8'), ('s', '<f8'), ('P', '<f8'), ('ln_prior', '<f8')]), dtype('<f8')) -> None
2128103179314615296: unimodal=0, bimodal=-1, MCMC=0
2128103243733956224: is_P_Kmodal failed: ufunc 'add' did not contain a loop with signature matching types (dtype([('e', '<f8'), ('omega', '<f8'), ('M0', '<f8'), ('s', '<f8'), ('P', '<f8'), ('ln_prior', '<f8')]), dtype('<f8')) -> None
2128103243733956224: unimodal=0, bimodal=-1, MCMC=0
2128103797789896576: is_P_Kmodal failed: ufunc 'add' did not contain a loop with signature matching types (dtype([('e', '<f8'), ('omega', '<f8'), ('M0', '<f8'), ('s', '<f8'), ('P', '<f8'), ('ln_prior', '<f8')]), dtype('<f8')) -> None
2128103797789896576: unimodal=0, bimodal=-1, MCMC=0
2128103935228838784: is_P_Kmodal failed: setting an array element with a sequence. The requested array would exceed the maximum number of dimension of 64.
2128103935228838784: unimodal=0, bimodal=-1, MCMC=0
2128104141387274240: is_P_Kmodal failed: ufunc 'add' did not contain a loop with signature matching types (dtype([('e', '<f8'), ('omega', '<f8'), ('M0', '<f8'), ('s', '<f8'), ('P', '<f8'), ('ln_prior', '<f8')]), dtype('<f8')) -> None
2128104141387274240: unimodal=0, bimodal=-1, MCMC=0
2128104210106765312: is_P_Kmodal failed: ufunc 'add' did not contain a loop with signature matching types (dtype([('e', '<f8'), ('omega', '<f8'), ('M0', '<f8'), ('s', '<f8'), ('P', '<f8'), ('ln_prior', '<f8')]), dtype('<f8')) -> None
2128104210106765312: unimodal=0, bimodal=-1, MCMC=0
2128104618123369600: is_P_Kmodal failed: ufunc 'add' did not contain a loop with signature matching types (dtype([('e', '<f8'), ('omega', '<f8'), ('M0', '<f8'), ('s', '<f8'), ('P', '<f8'), ('ln_prior', '<f8')]), dtype('<f8')) -> None
2128104618123369600: unimodal=0, bimodal=-1, MCMC=0
2128105000380699136: is_P_Kmodal failed: ufunc 'add' did not contain a loop with signature matching types (dtype([('e', '<f8'), ('omega', '<f8'), ('M0', '<f8'), ('s', '<f8'), ('P', '<f8'), ('ln_prior', '<f8')]), dtype('<f8')) -> None
2128105000380699136: unimodal=0, bimodal=-1, MCMC=0
2128105137819634816: is_P_Kmodal failed: ufunc 'add' did not contain a loop with signature matching types (dtype([('e', '<f8'), ('omega', '<f8'), ('M0', '<f8'), ('s', '<f8'), ('P', '<f8'), ('ln_prior', '<f8')]), dtype('<f8')) -> None
2128105137819634816: unimodal=0, bimodal=-1, MCMC=0
2128105580196046464: is_P_Kmodal failed: ufunc 'add' did not contain a loop with signature matching types (dtype([('e', '<f8'), ('omega', '<f8'), ('M0', '<f8'), ('s', '<f8'), ('P', '<f8'), ('ln_prior', '<f8')]), dtype('<f8')) -> None
2128105580196046464: unimodal=0, bimodal=-1, MCMC=0
2128105584489662720: is_P_Kmodal failed: ufunc 'add' did not contain a loop with signature matching types (dtype([('e', '<f8'), ('omega', '<f8'), ('M0', '<f8'), ('s', '<f8'), ('P', '<f8'), ('ln_prior', '<f8')]), dtype('<f8')) -> None
2128105584489662720: unimodal=0, bimodal=-1, MCMC=0
2128105584496253824: is_P_Kmodal failed: ufunc 'add' did not contain a loop with signature matching types (dtype([('e', '<f8'), ('omega', '<f8'), ('M0', '<f8'), ('s', '<f8'), ('P', '<f8'), ('ln_prior', '<f8')]), dtype('<f8')) -> None
2128105584496253824: unimodal=0, bimodal=-1, MCMC=0
2128105996813096832: is_P_Kmodal failed: ufunc 'add' did not contain a loop with signature matching types (dtype([('e', '<f8'), ('omega', '<f8'), ('M0', '<f8'), ('s', '<f8'), ('P', '<f8'), ('ln_prior', '<f8')]), dtype('<f8')) -> None
2128105996813096832: unimodal=0, bimodal=-1, MCMC=0
2128106477849445376: is_P_Kmodal failed: ufunc 'add' did not contain a loop with signature matching types (dtype([('e', '<f8'), ('omega', '<f8'), ('M0', '<f8'), ('s', '<f8'), ('P', '<f8'), ('ln_prior', '<f8')]), dtype('<f8')) -> None
2128106477849445376: unimodal=0, bimodal=-1, MCMC=0
2128106576634345216: is_P_Kmodal failed: ufunc 'add' did not contain a loop with signature matching types (dtype([('e', '<f8'), ('omega', '<f8'), ('M0', '<f8'), ('s', '<f8'), ('P', '<f8'), ('ln_prior', '<f8')]), dtype('<f8')) -> None
2128106576634345216: unimodal=0, bimodal=-1, MCMC=0
2128106649641603072: is_P_Kmodal failed: ufunc 'add' did not contain a loop with signature matching types (dtype([('e', '<f8'), ('omega', '<f8'), ('M0', '<f8'), ('s', '<f8'), ('P', '<f8'), ('ln_prior', '<f8')]), dtype('<f8')) -> None
2128106649641603072: unimodal=0, bimodal=-1, MCMC=0
2128106821447143680: skipping, no Joker samples
2128106851506362624: unimodal=1, bimodal=0, MCMC=1
2128106993240318976: is_P_Kmodal failed: ufunc 'add' did not contain a loop with signature matching types (dtype([('e', '<f8'), ('omega', '<f8'), ('M0', '<f8'), ('s', '<f8'), ('P', '<f8'), ('ln_prior', '<f8')]), dtype('<f8')) -> None
2128106993240318976: unimodal=0, bimodal=-1, MCMC=0
2128107027605284736: is_P_Kmodal failed: ufunc 'add' did not contain a loop with signature matching types (dtype([('e', '<f8'), ('omega', '<f8'), ('M0', '<f8'), ('s', '<f8'), ('P', '<f8'), ('ln_prior', '<f8')]), dtype('<f8')) -> None
2128107027605284736: unimodal=0, bimodal=-1, MCMC=0
2128107474281894784: is_P_Kmodal failed: ufunc 'add' did not contain a loop with signature matching types (dtype([('e', '<f8'), ('omega', '<f8'), ('M0', '<f8'), ('s', '<f8'), ('P', '<f8'), ('ln_prior', '<f8')]), dtype('<f8')) -> None
2128107474281894784: unimodal=0, bimodal=-1, MCMC=0
2128107779219553280: is_P_Kmodal failed: ufunc 'add' did not contain a loop with signature matching types (dtype([('e', '<f8'), ('omega', '<f8'), ('M0', '<f8'), ('s', '<f8'), ('P', '<f8'), ('ln_prior', '<f8')]), dtype('<f8')) -> None
2128107779219553280: unimodal=0, bimodal=-1, MCMC=0
2128107955318595328: skipping, no Joker samples
2128107989678328704: skipping, no Joker samples
2128108058390893312: is_P_Kmodal failed: ufunc 'add' did not contain a loop with signature matching types (dtype([('e', '<f8'), ('omega', '<f8'), ('M0', '<f8'), ('s', '<f8'), ('P', '<f8'), ('ln_prior', '<f8')]), dtype('<f8')) -> None
2128108058390893312: unimodal=0, bimodal=-1, MCMC=0
2128108092750656000: skipping, no Joker samples
2128108195836395136: is_P_Kmodal failed: ufunc 'add' did not contain a loop with signature matching types (dtype([('e', '<f8'), ('omega', '<f8'), ('M0', '<f8'), ('s', '<f8'), ('P', '<f8'), ('ln_prior', '<f8')]), dtype('<f8')) -> None
2128108195836395136: unimodal=0, bimodal=-1, MCMC=0
2128108436354871936: is_P_Kmodal failed: ufunc 'add' did not contain a loop with signature matching types (dtype([('e', '<f8'), ('omega', '<f8'), ('M0', '<f8'), ('s', '<f8'), ('P', '<f8'), ('ln_prior', '<f8')]), dtype('<f8')) -> None
2128108436354871936: unimodal=0, bimodal=-1, MCMC=0
2128108470714617472: is_P_Kmodal failed: ufunc 'add' did not contain a loop with signature matching types (dtype([('e', '<f8'), ('omega', '<f8'), ('M0', '<f8'), ('s', '<f8'), ('P', '<f8'), ('ln_prior', '<f8')]), dtype('<f8')) -> None
2128108470714617472: unimodal=0, bimodal=-1, MCMC=0
2128108539434096256: is_P_Kmodal failed: ufunc 'add' did not contain a loop with signature matching types (dtype([('e', '<f8'), ('omega', '<f8'), ('M0', '<f8'), ('s', '<f8'), ('P', '<f8'), ('ln_prior', '<f8')]), dtype('<f8')) -> None
2128108539434096256: unimodal=0, bimodal=-1, MCMC=0
2128108573793839232: is_P_Kmodal failed: ufunc 'add' did not contain a loop with signature matching types (dtype([('e', '<f8'), ('omega', '<f8'), ('M0', '<f8'), ('s', '<f8'), ('P', '<f8'), ('ln_prior', '<f8')]), dtype('<f8')) -> None
2128108573793839232: unimodal=0, bimodal=-1, MCMC=0
2128108573793840000: is_P_Kmodal failed: ufunc 'add' did not contain a loop with signature matching types (dtype([('e', '<f8'), ('omega', '<f8'), ('M0', '<f8'), ('s', '<f8'), ('P', '<f8'), ('ln_prior', '<f8')]), dtype('<f8')) -> None
2128108573793840000: unimodal=0, bimodal=-1, MCMC=0
2128108642513343104: is_P_Kmodal failed: ufunc 'add' did not contain a loop with signature matching types (dtype([('e', '<f8'), ('omega', '<f8'), ('M0', '<f8'), ('s', '<f8'), ('P', '<f8'), ('ln_prior', '<f8')]), dtype('<f8')) -> None
2128108642513343104: unimodal=0, bimodal=-1, MCMC=0
2128108706932566272: is_P_Kmodal failed: ufunc 'add' did not contain a loop with signature matching types (dtype([('e', '<f8'), ('omega', '<f8'), ('M0', '<f8'), ('s', '<f8'), ('P', '<f8'), ('ln_prior', '<f8')]), dtype('<f8')) -> None
2128108706932566272: unimodal=0, bimodal=-1, MCMC=0
2128108745594158080: is_P_Kmodal failed: ufunc 'add' did not contain a loop with signature matching types (dtype([('e', '<f8'), ('omega', '<f8'), ('M0', '<f8'), ('s', '<f8'), ('P', '<f8'), ('ln_prior', '<f8')]), dtype('<f8')) -> None
2128108745594158080: unimodal=0, bimodal=-1, MCMC=0
2128108913090657536: skipping, no Joker samples
2128108951750966528: is_P_Kmodal failed: ufunc 'add' did not contain a loop with signature matching types (dtype([('e', '<f8'), ('omega', '<f8'), ('M0', '<f8'), ('s', '<f8'), ('P', '<f8'), ('ln_prior', '<f8')]), dtype('<f8')) -> None
2128108951750966528: unimodal=0, bimodal=-1, MCMC=0
2128108951750969088: is_P_Kmodal failed: ufunc 'add' did not contain a loop with signature matching types (dtype([('e', '<f8'), ('omega', '<f8'), ('M0', '<f8'), ('s', '<f8'), ('P', '<f8'), ('ln_prior', '<f8')]), dtype('<f8')) -> None
2128108951750969088: unimodal=0, bimodal=-1, MCMC=0
2128109089189944448: is_P_Kmodal failed: ufunc 'add' did not contain a loop with signature matching types (dtype([('e', '<f8'), ('omega', '<f8'), ('M0', '<f8'), ('s', '<f8'), ('P', '<f8'), ('ln_prior', '<f8')]), dtype('<f8')) -> None
2128109089189944448: unimodal=0, bimodal=-1, MCMC=0
2128109123549687680: is_P_Kmodal failed: ufunc 'add' did not contain a loop with signature matching types (dtype([('e', '<f8'), ('omega', '<f8'), ('M0', '<f8'), ('s', '<f8'), ('P', '<f8'), ('ln_prior', '<f8')]), dtype('<f8')) -> None
2128109123549687680: unimodal=0, bimodal=-1, MCMC=0
2128109123549689856: skipping, no Joker samples
2128109329707612288: is_P_Kmodal failed: ufunc 'add' did not contain a loop with signature matching types (dtype([('e', '<f8'), ('omega', '<f8'), ('M0', '<f8'), ('s', '<f8'), ('P', '<f8'), ('ln_prior', '<f8')]), dtype('<f8')) -> None
2128109329707612288: unimodal=0, bimodal=-1, MCMC=0
2128109570227736320: is_P_Kmodal failed: ufunc 'add' did not contain a loop with signature matching types (dtype([('e', '<f8'), ('omega', '<f8'), ('M0', '<f8'), ('s', '<f8'), ('P', '<f8'), ('ln_prior', '<f8')]), dtype('<f8')) -> None
2128109570227736320: unimodal=0, bimodal=-1, MCMC=0
2128110257413561984: unimodal=1, bimodal=0, MCMC=1
2128110635377654272: is_P_Kmodal failed: ufunc 'add' did not contain a loop with signature matching types (dtype([('e', '<f8'), ('omega', '<f8'), ('M0', '<f8'), ('s', '<f8'), ('P', '<f8'), ('ln_prior', '<f8')]), dtype('<f8')) -> None
2128110635377654272: unimodal=0, bimodal=-1, MCMC=0
2128110772816892032: is_P_Kmodal failed: ufunc 'add' did not contain a loop with signature matching types (dtype([('e', '<f8'), ('omega', '<f8'), ('M0', '<f8'), ('s', '<f8'), ('P', '<f8'), ('ln_prior', '<f8')]), dtype('<f8')) -> None
2128110772816892032: unimodal=0, bimodal=-1, MCMC=0
2128111391291955456: is_P_Kmodal failed: ufunc 'add' did not contain a loop with signature matching types (dtype([('e', '<f8'), ('omega', '<f8'), ('M0', '<f8'), ('s', '<f8'), ('P', '<f8'), ('ln_prior', '<f8')]), dtype('<f8')) -> None
2128111391291955456: unimodal=0, bimodal=-1, MCMC=0
2128111627508735488: is_P_Kmodal failed: ufunc 'add' did not contain a loop with signature matching types (dtype([('e', '<f8'), ('omega', '<f8'), ('M0', '<f8'), ('s', '<f8'), ('P', '<f8'), ('ln_prior', '<f8')]), dtype('<f8')) -> None
2128111627508735488: unimodal=0, bimodal=-1, MCMC=0
2128111700529585024: is_P_Kmodal failed: ufunc 'add' did not contain a loop with signature matching types (dtype([('e', '<f8'), ('omega', '<f8'), ('M0', '<f8'), ('s', '<f8'), ('P', '<f8'), ('ln_prior', '<f8')]), dtype('<f8')) -> None
2128111700529585024: unimodal=0, bimodal=-1, MCMC=0
2128111837968551808: is_P_Kmodal failed: ufunc 'add' did not contain a loop with signature matching types (dtype([('e', '<f8'), ('omega', '<f8'), ('M0', '<f8'), ('s', '<f8'), ('P', '<f8'), ('ln_prior', '<f8')]), dtype('<f8')) -> None
2128111837968551808: unimodal=0, bimodal=-1, MCMC=0
2128111941047797632: is_P_Kmodal failed: ufunc 'add' did not contain a loop with signature matching types (dtype([('e', '<f8'), ('omega', '<f8'), ('M0', '<f8'), ('s', '<f8'), ('P', '<f8'), ('ln_prior', '<f8')]), dtype('<f8')) -> None
2128111941047797632: unimodal=0, bimodal=-1, MCMC=0
2128112009767272704: is_P_Kmodal failed: ufunc 'add' did not contain a loop with signature matching types (dtype([('e', '<f8'), ('omega', '<f8'), ('M0', '<f8'), ('s', '<f8'), ('P', '<f8'), ('ln_prior', '<f8')]), dtype('<f8')) -> None
2128112009767272704: unimodal=0, bimodal=-1, MCMC=0
2128112078486764160: is_P_Kmodal failed: ufunc 'add' did not contain a loop with signature matching types (dtype([('e', '<f8'), ('omega', '<f8'), ('M0', '<f8'), ('s', '<f8'), ('P', '<f8'), ('ln_prior', '<f8')]), dtype('<f8')) -> None
2128112078486764160: unimodal=0, bimodal=-1, MCMC=0
2128112181565948800: is_P_Kmodal failed: ufunc 'add' did not contain a loop with signature matching types (dtype([('e', '<f8'), ('omega', '<f8'), ('M0', '<f8'), ('s', '<f8'), ('P', '<f8'), ('ln_prior', '<f8')]), dtype('<f8')) -> None
2128112181565948800: unimodal=0, bimodal=-1, MCMC=0
2128112383423070592: is_P_Kmodal failed: ufunc 'add' did not contain a loop with signature matching types (dtype([('e', '<f8'), ('omega', '<f8'), ('M0', '<f8'), ('s', '<f8'), ('P', '<f8'), ('ln_prior', '<f8')]), dtype('<f8')) -> None
2128112383423070592: unimodal=0, bimodal=-1, MCMC=0
2128112765681767296: is_P_Kmodal failed: ufunc 'add' did not contain a loop with signature matching types (dtype([('e', '<f8'), ('omega', '<f8'), ('M0', '<f8'), ('s', '<f8'), ('P', '<f8'), ('ln_prior', '<f8')]), dtype('<f8')) -> None
2128112765681767296: unimodal=0, bimodal=-1, MCMC=0
2128112800035444096: skipping, no Joker samples
2128112933178882304: is_P_Kmodal failed: ufunc 'add' did not contain a loop with signature matching types (dtype([('e', '<f8'), ('omega', '<f8'), ('M0', '<f8'), ('s', '<f8'), ('P', '<f8'), ('ln_prior', '<f8')]), dtype('<f8')) -> None
2128112933178882304: unimodal=0, bimodal=-1, MCMC=0
2128112937480464000: is_P_Kmodal failed: ufunc 'add' did not contain a loop with signature matching types (dtype([('e', '<f8'), ('omega', '<f8'), ('M0', '<f8'), ('s', '<f8'), ('P', '<f8'), ('ln_prior', '<f8')]), dtype('<f8')) -> None
2128112937480464000: unimodal=0, bimodal=-1, MCMC=0
2128113074919432320: is_P_Kmodal failed: ufunc 'add' did not contain a loop with signature matching types (dtype([('e', '<f8'), ('omega', '<f8'), ('M0', '<f8'), ('s', '<f8'), ('P', '<f8'), ('ln_prior', '<f8')]), dtype('<f8')) -> None
2128113074919432320: unimodal=0, bimodal=-1, MCMC=0
2128113177998678272: is_P_Kmodal failed: ufunc 'add' did not contain a loop with signature matching types (dtype([('e', '<f8'), ('omega', '<f8'), ('M0', '<f8'), ('s', '<f8'), ('P', '<f8'), ('ln_prior', '<f8')]), dtype('<f8')) -> None
2128113177998678272: unimodal=0, bimodal=-1, MCMC=0
2128113212358408192: is_P_Kmodal failed: ufunc 'add' did not contain a loop with signature matching types (dtype([('e', '<f8'), ('omega', '<f8'), ('M0', '<f8'), ('s', '<f8'), ('P', '<f8'), ('ln_prior', '<f8')]), dtype('<f8')) -> None
2128113212358408192: unimodal=0, bimodal=-1, MCMC=0
2128113418510927360: is_P_Kmodal failed: ufunc 'add' did not contain a loop with signature matching types (dtype([('e', '<f8'), ('omega', '<f8'), ('M0', '<f8'), ('s', '<f8'), ('P', '<f8'), ('ln_prior', '<f8')]), dtype('<f8')) -> None
2128113418510927360: unimodal=0, bimodal=-1, MCMC=0
2128113418516832896: is_P_Kmodal failed: ufunc 'add' did not contain a loop with signature matching types (dtype([('e', '<f8'), ('omega', '<f8'), ('M0', '<f8'), ('s', '<f8'), ('P', '<f8'), ('ln_prior', '<f8')]), dtype('<f8')) -> None
2128113418516832896: unimodal=0, bimodal=-1, MCMC=0
2128113517294528512: is_P_Kmodal failed: ufunc 'add' did not contain a loop with signature matching types (dtype([('e', '<f8'), ('omega', '<f8'), ('M0', '<f8'), ('s', '<f8'), ('P', '<f8'), ('ln_prior', '<f8')]), dtype('<f8')) -> None
2128113517294528512: unimodal=0, bimodal=-1, MCMC=0
2128113727748208768: is_P_Kmodal failed: ufunc 'add' did not contain a loop with signature matching types (dtype([('e', '<f8'), ('omega', '<f8'), ('M0', '<f8'), ('s', '<f8'), ('P', '<f8'), ('ln_prior', '<f8')]), dtype('<f8')) -> None
2128113727748208768: unimodal=0, bimodal=-1, MCMC=0
2128113727754388736: is_P_Kmodal failed: ufunc 'add' did not contain a loop with signature matching types (dtype([('e', '<f8'), ('omega', '<f8'), ('M0', '<f8'), ('s', '<f8'), ('P', '<f8'), ('ln_prior', '<f8')]), dtype('<f8')) -> None
2128113727754388736: unimodal=0, bimodal=-1, MCMC=0
2128114552388131200: is_P_Kmodal failed: ufunc 'add' did not contain a loop with signature matching types (dtype([('e', '<f8'), ('omega', '<f8'), ('M0', '<f8'), ('s', '<f8'), ('P', '<f8'), ('ln_prior', '<f8')]), dtype('<f8')) -> None
2128114552388131200: unimodal=0, bimodal=-1, MCMC=0
2128114758546516480: is_P_Kmodal failed: ufunc 'add' did not contain a loop with signature matching types (dtype([('e', '<f8'), ('omega', '<f8'), ('M0', '<f8'), ('s', '<f8'), ('P', '<f8'), ('ln_prior', '<f8')]), dtype('<f8')) -> None
2128114758546516480: unimodal=0, bimodal=-1, MCMC=0
2128114792906267648: is_P_Kmodal failed: ufunc 'add' did not contain a loop with signature matching types (dtype([('e', '<f8'), ('omega', '<f8'), ('M0', '<f8'), ('s', '<f8'), ('P', '<f8'), ('ln_prior', '<f8')]), dtype('<f8')) -> None
2128114792906267648: unimodal=0, bimodal=-1, MCMC=0
2128115647598287488: is_P_Kmodal failed: ufunc 'add' did not contain a loop with signature matching types (dtype([('e', '<f8'), ('omega', '<f8'), ('M0', '<f8'), ('s', '<f8'), ('P', '<f8'), ('ln_prior', '<f8')]), dtype('<f8')) -> None
2128115647598287488: unimodal=0, bimodal=-1, MCMC=0
2128115789338739328: is_P_Kmodal failed: ufunc 'add' did not contain a loop with signature matching types (dtype([('e', '<f8'), ('omega', '<f8'), ('M0', '<f8'), ('s', '<f8'), ('P', '<f8'), ('ln_prior', '<f8')]), dtype('<f8')) -> None
2128115789338739328: unimodal=0, bimodal=-1, MCMC=0
2128115961131419136: is_P_Kmodal failed: ufunc 'add' did not contain a loop with signature matching types (dtype([('e', '<f8'), ('omega', '<f8'), ('M0', '<f8'), ('s', '<f8'), ('P', '<f8'), ('ln_prior', '<f8')]), dtype('<f8')) -> None
2128115961131419136: unimodal=0, bimodal=-1, MCMC=0
2128115961137430528: is_P_Kmodal failed: ufunc 'add' did not contain a loop with signature matching types (dtype([('e', '<f8'), ('omega', '<f8'), ('M0', '<f8'), ('s', '<f8'), ('P', '<f8'), ('ln_prior', '<f8')]), dtype('<f8')) -> None
2128115961137430528: unimodal=0, bimodal=-1, MCMC=0
2128115995497184384: is_P_Kmodal failed: ufunc 'add' did not contain a loop with signature matching types (dtype([('e', '<f8'), ('omega', '<f8'), ('M0', '<f8'), ('s', '<f8'), ('P', '<f8'), ('ln_prior', '<f8')]), dtype('<f8')) -> None
2128115995497184384: unimodal=0, bimodal=-1, MCMC=0
2128116098576364928: is_P_Kmodal failed: ufunc 'add' did not contain a loop with signature matching types (dtype([('e', '<f8'), ('omega', '<f8'), ('M0', '<f8'), ('s', '<f8'), ('P', '<f8'), ('ln_prior', '<f8')]), dtype('<f8')) -> None
2128116098576364928: unimodal=0, bimodal=-1, MCMC=0
2128116098576365568: is_P_Kmodal failed: ufunc 'add' did not contain a loop with signature matching types (dtype([('e', '<f8'), ('omega', '<f8'), ('M0', '<f8'), ('s', '<f8'), ('P', '<f8'), ('ln_prior', '<f8')]), dtype('<f8')) -> None
2128116098576365568: unimodal=0, bimodal=-1, MCMC=0
2128116201655609984: is_P_Kmodal failed: ufunc 'add' did not contain a loop with signature matching types (dtype([('e', '<f8'), ('omega', '<f8'), ('M0', '<f8'), ('s', '<f8'), ('P', '<f8'), ('ln_prior', '<f8')]), dtype('<f8')) -> None
2128116201655609984: unimodal=0, bimodal=-1, MCMC=0
2128116266073586688: is_P_Kmodal failed: ufunc 'add' did not contain a loop with signature matching types (dtype([('e', '<f8'), ('omega', '<f8'), ('M0', '<f8'), ('s', '<f8'), ('P', '<f8'), ('ln_prior', '<f8')]), dtype('<f8')) -> None
2128116266073586688: unimodal=0, bimodal=-1, MCMC=0
2128116540951535744: is_P_Kmodal failed: ufunc 'add' did not contain a loop with signature matching types (dtype([('e', '<f8'), ('omega', '<f8'), ('M0', '<f8'), ('s', '<f8'), ('P', '<f8'), ('ln_prior', '<f8')]), dtype('<f8')) -> None
2128116540951535744: unimodal=0, bimodal=-1, MCMC=0
2128116751405555968: is_P_Kmodal failed: ufunc 'add' did not contain a loop with signature matching types (dtype([('e', '<f8'), ('omega', '<f8'), ('M0', '<f8'), ('s', '<f8'), ('P', '<f8'), ('ln_prior', '<f8')]), dtype('<f8')) -> None
2128116751405555968: unimodal=0, bimodal=-1, MCMC=0
2128116923210078848: is_P_Kmodal failed: ufunc 'add' did not contain a loop with signature matching types (dtype([('e', '<f8'), ('omega', '<f8'), ('M0', '<f8'), ('s', '<f8'), ('P', '<f8'), ('ln_prior', '<f8')]), dtype('<f8')) -> None
2128116923210078848: unimodal=0, bimodal=-1, MCMC=0
2128117026289322112: is_P_Kmodal failed: ufunc 'add' did not contain a loop with signature matching types (dtype([('e', '<f8'), ('omega', '<f8'), ('M0', '<f8'), ('s', '<f8'), ('P', '<f8'), ('ln_prior', '<f8')]), dtype('<f8')) -> None
2128117026289322112: unimodal=0, bimodal=-1, MCMC=0
2128117090707340416: is_P_Kmodal failed: ufunc 'add' did not contain a loop with signature matching types (dtype([('e', '<f8'), ('omega', '<f8'), ('M0', '<f8'), ('s', '<f8'), ('P', '<f8'), ('ln_prior', '<f8')]), dtype('<f8')) -> None
2128117090707340416: unimodal=0, bimodal=-1, MCMC=0
2128117095008800384: is_P_Kmodal failed: ufunc 'add' did not contain a loop with signature matching types (dtype([('e', '<f8'), ('omega', '<f8'), ('M0', '<f8'), ('s', '<f8'), ('P', '<f8'), ('ln_prior', '<f8')]), dtype('<f8')) -> None
2128117095008800384: unimodal=0, bimodal=-1, MCMC=0
2128118022721804032: skipping, no Joker samples
2128118057081550464: is_P_Kmodal failed: ufunc 'add' did not contain a loop with signature matching types (dtype([('e', '<f8'), ('omega', '<f8'), ('M0', '<f8'), ('s', '<f8'), ('P', '<f8'), ('ln_prior', '<f8')]), dtype('<f8')) -> None
2128118057081550464: unimodal=0, bimodal=-1, MCMC=0
2128118362018716672: is_P_Kmodal failed: ufunc 'add' did not contain a loop with signature matching types (dtype([('e', '<f8'), ('omega', '<f8'), ('M0', '<f8'), ('s', '<f8'), ('P', '<f8'), ('ln_prior', '<f8')]), dtype('<f8')) -> None
2128118362018716672: unimodal=0, bimodal=-1, MCMC=0
2128118499457872640: is_P_Kmodal failed: ufunc 'add' did not contain a loop with signature matching types (dtype([('e', '<f8'), ('omega', '<f8'), ('M0', '<f8'), ('s', '<f8'), ('P', '<f8'), ('ln_prior', '<f8')]), dtype('<f8')) -> None
2128118499457872640: unimodal=0, bimodal=-1, MCMC=0
2128118572477647360: is_P_Kmodal failed: ufunc 'add' did not contain a loop with signature matching types (dtype([('e', '<f8'), ('omega', '<f8'), ('M0', '<f8'), ('s', '<f8'), ('P', '<f8'), ('ln_prior', '<f8')]), dtype('<f8')) -> None
2128118572477647360: unimodal=0, bimodal=-1, MCMC=0
2128118778636074240: is_P_Kmodal failed: ufunc 'add' did not contain a loop with signature matching types (dtype([('e', '<f8'), ('omega', '<f8'), ('M0', '<f8'), ('s', '<f8'), ('P', '<f8'), ('ln_prior', '<f8')]), dtype('<f8')) -> None
2128118778636074240: unimodal=0, bimodal=-1, MCMC=0
2128118881715293440: is_P_Kmodal failed: ufunc 'add' did not contain a loop with signature matching types (dtype([('e', '<f8'), ('omega', '<f8'), ('M0', '<f8'), ('s', '<f8'), ('P', '<f8'), ('ln_prior', '<f8')]), dtype('<f8')) -> None
2128118881715293440: unimodal=0, bimodal=-1, MCMC=0
2128119087873694208: is_P_Kmodal failed: ufunc 'add' did not contain a loop with signature matching types (dtype([('e', '<f8'), ('omega', '<f8'), ('M0', '<f8'), ('s', '<f8'), ('P', '<f8'), ('ln_prior', '<f8')]), dtype('<f8')) -> None
2128119087873694208: unimodal=0, bimodal=-1, MCMC=0
2128119087873695232: is_P_Kmodal failed: ufunc 'add' did not contain a loop with signature matching types (dtype([('e', '<f8'), ('omega', '<f8'), ('M0', '<f8'), ('s', '<f8'), ('P', '<f8'), ('ln_prior', '<f8')]), dtype('<f8')) -> None
2128119087873695232: unimodal=0, bimodal=-1, MCMC=0
2128119190952918016: is_P_Kmodal failed: ufunc 'add' did not contain a loop with signature matching types (dtype([('e', '<f8'), ('omega', '<f8'), ('M0', '<f8'), ('s', '<f8'), ('P', '<f8'), ('ln_prior', '<f8')]), dtype('<f8')) -> None
2128119190952918016: unimodal=0, bimodal=-1, MCMC=0
2128119190952920192: is_P_Kmodal failed: ufunc 'add' did not contain a loop with signature matching types (dtype([('e', '<f8'), ('omega', '<f8'), ('M0', '<f8'), ('s', '<f8'), ('P', '<f8'), ('ln_prior', '<f8')]), dtype('<f8')) -> None
2128119190952920192: unimodal=0, bimodal=-1, MCMC=0
2128119294032137216: skipping, no Joker samples
2128119568910037632: is_P_Kmodal failed: ufunc 'add' did not contain a loop with signature matching types (dtype([('e', '<f8'), ('omega', '<f8'), ('M0', '<f8'), ('s', '<f8'), ('P', '<f8'), ('ln_prior', '<f8')]), dtype('<f8')) -> None
2128119568910037632: unimodal=0, bimodal=-1, MCMC=0
2128119878147692160: is_P_Kmodal failed: ufunc 'add' did not contain a loop with signature matching types (dtype([('e', '<f8'), ('omega', '<f8'), ('M0', '<f8'), ('s', '<f8'), ('P', '<f8'), ('ln_prior', '<f8')]), dtype('<f8')) -> None
2128119878147692160: unimodal=0, bimodal=-1, MCMC=0
2128119878147696256: skipping, no Joker samples
2128120221745116416: is_P_Kmodal failed: ufunc 'add' did not contain a loop with signature matching types (dtype([('e', '<f8'), ('omega', '<f8'), ('M0', '<f8'), ('s', '<f8'), ('P', '<f8'), ('ln_prior', '<f8')]), dtype('<f8')) -> None
2128120221745116416: unimodal=0, bimodal=-1, MCMC=0
2128120256104862464: is_P_Kmodal failed: ufunc 'add' did not contain a loop with signature matching types (dtype([('e', '<f8'), ('omega', '<f8'), ('M0', '<f8'), ('s', '<f8'), ('P', '<f8'), ('ln_prior', '<f8')]), dtype('<f8')) -> None
2128120256104862464: unimodal=0, bimodal=-1, MCMC=0
2128120256104865536: is_P_Kmodal failed: ufunc 'add' did not contain a loop with signature matching types (dtype([('e', '<f8'), ('omega', '<f8'), ('M0', '<f8'), ('s', '<f8'), ('P', '<f8'), ('ln_prior', '<f8')]), dtype('<f8')) -> None
2128120256104865536: unimodal=0, bimodal=-1, MCMC=0
2128120286164390400: is_P_Kmodal failed: ufunc 'add' did not contain a loop with signature matching types (dtype([('e', '<f8'), ('omega', '<f8'), ('M0', '<f8'), ('s', '<f8'), ('P', '<f8'), ('ln_prior', '<f8')]), dtype('<f8')) -> None
2128120286164390400: unimodal=0, bimodal=-1, MCMC=0
2128120324824363136: is_P_Kmodal failed: ufunc 'add' did not contain a loop with signature matching types (dtype([('e', '<f8'), ('omega', '<f8'), ('M0', '<f8'), ('s', '<f8'), ('P', '<f8'), ('ln_prior', '<f8')]), dtype('<f8')) -> None
2128120324824363136: unimodal=0, bimodal=-1, MCMC=0
2128120359184082944: is_P_Kmodal failed: ufunc 'add' did not contain a loop with signature matching types (dtype([('e', '<f8'), ('omega', '<f8'), ('M0', '<f8'), ('s', '<f8'), ('P', '<f8'), ('ln_prior', '<f8')]), dtype('<f8')) -> None
2128120359184082944: unimodal=0, bimodal=-1, MCMC=0
2128120393543835648: is_P_Kmodal failed: ufunc 'add' did not contain a loop with signature matching types (dtype([('e', '<f8'), ('omega', '<f8'), ('M0', '<f8'), ('s', '<f8'), ('P', '<f8'), ('ln_prior', '<f8')]), dtype('<f8')) -> None
2128120393543835648: unimodal=0, bimodal=-1, MCMC=0
2128120393543837184: is_P_Kmodal failed: ufunc 'add' did not contain a loop with signature matching types (dtype([('e', '<f8'), ('omega', '<f8'), ('M0', '<f8'), ('s', '<f8'), ('P', '<f8'), ('ln_prior', '<f8')]), dtype('<f8')) -> None
2128120393543837184: unimodal=0, bimodal=-1, MCMC=0
2128120565342516736: is_P_Kmodal failed: ufunc 'add' did not contain a loop with signature matching types (dtype([('e', '<f8'), ('omega', '<f8'), ('M0', '<f8'), ('s', '<f8'), ('P', '<f8'), ('ln_prior', '<f8')]), dtype('<f8')) -> None
2128120565342516736: unimodal=0, bimodal=-1, MCMC=0
2128120634061986560: is_P_Kmodal failed: ufunc 'add' did not contain a loop with signature matching types (dtype([('e', '<f8'), ('omega', '<f8'), ('M0', '<f8'), ('s', '<f8'), ('P', '<f8'), ('ln_prior', '<f8')]), dtype('<f8')) -> None
2128120634061986560: unimodal=0, bimodal=-1, MCMC=0
2128120668421736832: is_P_Kmodal failed: ufunc 'add' did not contain a loop with signature matching types (dtype([('e', '<f8'), ('omega', '<f8'), ('M0', '<f8'), ('s', '<f8'), ('P', '<f8'), ('ln_prior', '<f8')]), dtype('<f8')) -> None
2128120668421736832: unimodal=0, bimodal=-1, MCMC=0
2128120702781491072: skipping, no Joker samples
2128120702781492352: is_P_Kmodal failed: ufunc 'add' did not contain a loop with signature matching types (dtype([('e', '<f8'), ('omega', '<f8'), ('M0', '<f8'), ('s', '<f8'), ('P', '<f8'), ('ln_prior', '<f8')]), dtype('<f8')) -> None
2128120702781492352: unimodal=0, bimodal=-1, MCMC=0
2128121080733055104: is_P_Kmodal failed: ufunc 'add' did not contain a loop with signature matching types (dtype([('e', '<f8'), ('omega', '<f8'), ('M0', '<f8'), ('s', '<f8'), ('P', '<f8'), ('ln_prior', '<f8')]), dtype('<f8')) -> None
2128121080733055104: unimodal=0, bimodal=-1, MCMC=0
2128121080738610176: is_P_Kmodal failed: ufunc 'add' did not contain a loop with signature matching types (dtype([('e', '<f8'), ('omega', '<f8'), ('M0', '<f8'), ('s', '<f8'), ('P', '<f8'), ('ln_prior', '<f8')]), dtype('<f8')) -> None
2128121080738610176: unimodal=0, bimodal=-1, MCMC=0
2128121080738614016: skipping, no Joker samples
2128121286891350656: is_P_Kmodal failed: ufunc 'add' did not contain a loop with signature matching types (dtype([('e', '<f8'), ('omega', '<f8'), ('M0', '<f8'), ('s', '<f8'), ('P', '<f8'), ('ln_prior', '<f8')]), dtype('<f8')) -> None
2128121286891350656: unimodal=0, bimodal=-1, MCMC=0
2128121385676132736: is_P_Kmodal failed: ufunc 'add' did not contain a loop with signature matching types (dtype([('e', '<f8'), ('omega', '<f8'), ('M0', '<f8'), ('s', '<f8'), ('P', '<f8'), ('ln_prior', '<f8')]), dtype('<f8')) -> None
2128121385676132736: unimodal=0, bimodal=-1, MCMC=0
2128121458695701888: unimodal=1, bimodal=0, MCMC=1
2128121493055451136: skipping, no Joker samples
2128121493055452800: is_P_Kmodal failed: ufunc 'add' did not contain a loop with signature matching types (dtype([('e', '<f8'), ('omega', '<f8'), ('M0', '<f8'), ('s', '<f8'), ('P', '<f8'), ('ln_prior', '<f8')]), dtype('<f8')) -> None
2128121493055452800: unimodal=0, bimodal=-1, MCMC=0
2128121493055456512: is_P_Kmodal failed: ufunc 'add' did not contain a loop with signature matching types (dtype([('e', '<f8'), ('omega', '<f8'), ('M0', '<f8'), ('s', '<f8'), ('P', '<f8'), ('ln_prior', '<f8')]), dtype('<f8')) -> None
2128121493055456512: unimodal=0, bimodal=-1, MCMC=0
2128121561774912128: is_P_Kmodal failed: ufunc 'add' did not contain a loop with signature matching types (dtype([('e', '<f8'), ('omega', '<f8'), ('M0', '<f8'), ('s', '<f8'), ('P', '<f8'), ('ln_prior', '<f8')]), dtype('<f8')) -> None
2128121561774912128: unimodal=0, bimodal=-1, MCMC=0
2128121664854134144: is_P_Kmodal failed: ufunc 'add' did not contain a loop with signature matching types (dtype([('e', '<f8'), ('omega', '<f8'), ('M0', '<f8'), ('s', '<f8'), ('P', '<f8'), ('ln_prior', '<f8')]), dtype('<f8')) -> None
2128121664854134144: unimodal=0, bimodal=-1, MCMC=0
2128121802293106048: is_P_Kmodal failed: ufunc 'add' did not contain a loop with signature matching types (dtype([('e', '<f8'), ('omega', '<f8'), ('M0', '<f8'), ('s', '<f8'), ('P', '<f8'), ('ln_prior', '<f8')]), dtype('<f8')) -> None
2128121802293106048: unimodal=0, bimodal=-1, MCMC=0
2128121836652852864: is_P_Kmodal failed: ufunc 'add' did not contain a loop with signature matching types (dtype([('e', '<f8'), ('omega', '<f8'), ('M0', '<f8'), ('s', '<f8'), ('P', '<f8'), ('ln_prior', '<f8')]), dtype('<f8')) -> None
2128121836652852864: unimodal=0, bimodal=-1, MCMC=0
2128121836652853376: skipping, no Joker samples
2128121901072299904: is_P_Kmodal failed: ufunc 'add' did not contain a loop with signature matching types (dtype([('e', '<f8'), ('omega', '<f8'), ('M0', '<f8'), ('s', '<f8'), ('P', '<f8'), ('ln_prior', '<f8')]), dtype('<f8')) -> None
2128121901072299904: unimodal=0, bimodal=-1, MCMC=0
2128121935432044288: is_P_Kmodal failed: ufunc 'add' did not contain a loop with signature matching types (dtype([('e', '<f8'), ('omega', '<f8'), ('M0', '<f8'), ('s', '<f8'), ('P', '<f8'), ('ln_prior', '<f8')]), dtype('<f8')) -> None
2128121935432044288: unimodal=0, bimodal=-1, MCMC=0
2128121974091822208: is_P_Kmodal failed: ufunc 'add' did not contain a loop with signature matching types (dtype([('e', '<f8'), ('omega', '<f8'), ('M0', '<f8'), ('s', '<f8'), ('P', '<f8'), ('ln_prior', '<f8')]), dtype('<f8')) -> None
2128121974091822208: unimodal=0, bimodal=-1, MCMC=0
2128121974091825280: is_P_Kmodal failed: ufunc 'add' did not contain a loop with signature matching types (dtype([('e', '<f8'), ('omega', '<f8'), ('M0', '<f8'), ('s', '<f8'), ('P', '<f8'), ('ln_prior', '<f8')]), dtype('<f8')) -> None
2128121974091825280: unimodal=0, bimodal=-1, MCMC=0
2128122004151549184: is_P_Kmodal failed: ufunc 'add' did not contain a loop with signature matching types (dtype([('e', '<f8'), ('omega', '<f8'), ('M0', '<f8'), ('s', '<f8'), ('P', '<f8'), ('ln_prior', '<f8')]), dtype('<f8')) -> None
2128122004151549184: unimodal=0, bimodal=-1, MCMC=0
2128122111525188096: is_P_Kmodal failed: ufunc 'add' did not contain a loop with signature matching types (dtype([('e', '<f8'), ('omega', '<f8'), ('M0', '<f8'), ('s', '<f8'), ('P', '<f8'), ('ln_prior', '<f8')]), dtype('<f8')) -> None
2128122111525188096: unimodal=0, bimodal=-1, MCMC=0
2128122248964213632: is_P_Kmodal failed: ufunc 'add' did not contain a loop with signature matching types (dtype([('e', '<f8'), ('omega', '<f8'), ('M0', '<f8'), ('s', '<f8'), ('P', '<f8'), ('ln_prior', '<f8')]), dtype('<f8')) -> None
2128122248964213632: unimodal=0, bimodal=-1, MCMC=0
2128122248969727360: is_P_Kmodal failed: ufunc 'add' did not contain a loop with signature matching types (dtype([('e', '<f8'), ('omega', '<f8'), ('M0', '<f8'), ('s', '<f8'), ('P', '<f8'), ('ln_prior', '<f8')]), dtype('<f8')) -> None
2128122248969727360: unimodal=0, bimodal=-1, MCMC=0
2128122420768297216: is_P_Kmodal failed: ufunc 'add' did not contain a loop with signature matching types (dtype([('e', '<f8'), ('omega', '<f8'), ('M0', '<f8'), ('s', '<f8'), ('P', '<f8'), ('ln_prior', '<f8')]), dtype('<f8')) -> None
2128122420768297216: unimodal=0, bimodal=-1, MCMC=0
2128122730005939584: is_P_Kmodal failed: ufunc 'add' did not contain a loop with signature matching types (dtype([('e', '<f8'), ('omega', '<f8'), ('M0', '<f8'), ('s', '<f8'), ('P', '<f8'), ('ln_prior', '<f8')]), dtype('<f8')) -> None
2128122730005939584: unimodal=0, bimodal=-1, MCMC=0
2128122867439085440: is_P_Kmodal failed: ufunc 'add' did not contain a loop with signature matching types (dtype([('e', '<f8'), ('omega', '<f8'), ('M0', '<f8'), ('s', '<f8'), ('P', '<f8'), ('ln_prior', '<f8')]), dtype('<f8')) -> None
2128122867439085440: unimodal=0, bimodal=-1, MCMC=0
2128123073603373952: is_P_Kmodal failed: ufunc 'add' did not contain a loop with signature matching types (dtype([('e', '<f8'), ('omega', '<f8'), ('M0', '<f8'), ('s', '<f8'), ('P', '<f8'), ('ln_prior', '<f8')]), dtype('<f8')) -> None
2128123073603373952: unimodal=0, bimodal=-1, MCMC=0
2128123211042311552: is_P_Kmodal failed: ufunc 'add' did not contain a loop with signature matching types (dtype([('e', '<f8'), ('omega', '<f8'), ('M0', '<f8'), ('s', '<f8'), ('P', '<f8'), ('ln_prior', '<f8')]), dtype('<f8')) -> None
2128123211042311552: unimodal=0, bimodal=-1, MCMC=0
2128123485920186112: is_P_Kmodal failed: ufunc 'add' did not contain a loop with signature matching types (dtype([('e', '<f8'), ('omega', '<f8'), ('M0', '<f8'), ('s', '<f8'), ('P', '<f8'), ('ln_prior', '<f8')]), dtype('<f8')) -> None
2128123485920186112: unimodal=0, bimodal=-1, MCMC=0
2128123520279912320: is_P_Kmodal failed: ufunc 'add' did not contain a loop with signature matching types (dtype([('e', '<f8'), ('omega', '<f8'), ('M0', '<f8'), ('s', '<f8'), ('P', '<f8'), ('ln_prior', '<f8')]), dtype('<f8')) -> None
2128123520279912320: unimodal=0, bimodal=-1, MCMC=0
2128123554639659392: is_P_Kmodal failed: ufunc 'add' did not contain a loop with signature matching types (dtype([('e', '<f8'), ('omega', '<f8'), ('M0', '<f8'), ('s', '<f8'), ('P', '<f8'), ('ln_prior', '<f8')]), dtype('<f8')) -> None
2128123554639659392: unimodal=0, bimodal=-1, MCMC=0
2128123657718886016: skipping, no Joker samples
2128123692072778624: is_P_Kmodal failed: ufunc 'add' did not contain a loop with signature matching types (dtype([('e', '<f8'), ('omega', '<f8'), ('M0', '<f8'), ('s', '<f8'), ('P', '<f8'), ('ln_prior', '<f8')]), dtype('<f8')) -> None
2128123692072778624: unimodal=0, bimodal=-1, MCMC=0
2128123726438336000: is_P_Kmodal failed: ufunc 'add' did not contain a loop with signature matching types (dtype([('e', '<f8'), ('omega', '<f8'), ('M0', '<f8'), ('s', '<f8'), ('P', '<f8'), ('ln_prior', '<f8')]), dtype('<f8')) -> None
2128123726438336000: unimodal=0, bimodal=-1, MCMC=0
2128123760799115776: is_P_Kmodal failed: ufunc 'add' did not contain a loop with signature matching types (dtype([('e', '<f8'), ('omega', '<f8'), ('M0', '<f8'), ('s', '<f8'), ('P', '<f8'), ('ln_prior', '<f8')]), dtype('<f8')) -> None
2128123760799115776: unimodal=0, bimodal=-1, MCMC=0
2128124585431880704: is_P_Kmodal failed: ufunc 'add' did not contain a loop with signature matching types (dtype([('e', '<f8'), ('omega', '<f8'), ('M0', '<f8'), ('s', '<f8'), ('P', '<f8'), ('ln_prior', '<f8')]), dtype('<f8')) -> None
2128124585431880704: unimodal=0, bimodal=-1, MCMC=0
2128124929029257728: is_P_Kmodal failed: ufunc 'add' did not contain a loop with signature matching types (dtype([('e', '<f8'), ('omega', '<f8'), ('M0', '<f8'), ('s', '<f8'), ('P', '<f8'), ('ln_prior', '<f8')]), dtype('<f8')) -> None
2128124929029257728: unimodal=0, bimodal=-1, MCMC=0
2128124963389008384: skipping, no Joker samples
2128124963389009792: is_P_Kmodal failed: ufunc 'add' did not contain a loop with signature matching types (dtype([('e', '<f8'), ('omega', '<f8'), ('M0', '<f8'), ('s', '<f8'), ('P', '<f8'), ('ln_prior', '<f8')]), dtype('<f8')) -> None
2128124963389009792: unimodal=0, bimodal=-1, MCMC=0
2128125135187725696: is_P_Kmodal failed: ufunc 'add' did not contain a loop with signature matching types (dtype([('e', '<f8'), ('omega', '<f8'), ('M0', '<f8'), ('s', '<f8'), ('P', '<f8'), ('ln_prior', '<f8')]), dtype('<f8')) -> None
2128125135187725696: unimodal=0, bimodal=-1, MCMC=0
2128125135187726080: is_P_Kmodal failed: ufunc 'add' did not contain a loop with signature matching types (dtype([('e', '<f8'), ('omega', '<f8'), ('M0', '<f8'), ('s', '<f8'), ('P', '<f8'), ('ln_prior', '<f8')]), dtype('<f8')) -> None
2128125135187726080: unimodal=0, bimodal=-1, MCMC=0
2128125165246890880: is_P_Kmodal failed: ufunc 'add' did not contain a loop with signature matching types (dtype([('e', '<f8'), ('omega', '<f8'), ('M0', '<f8'), ('s', '<f8'), ('P', '<f8'), ('ln_prior', '<f8')]), dtype('<f8')) -> None
2128125165246890880: unimodal=0, bimodal=-1, MCMC=0
2128125203907205376: skipping, no Joker samples
2128125375705878528: unimodal=1, bimodal=0, MCMC=1
2128125577563746304: is_P_Kmodal failed: ufunc 'add' did not contain a loop with signature matching types (dtype([('e', '<f8'), ('omega', '<f8'), ('M0', '<f8'), ('s', '<f8'), ('P', '<f8'), ('ln_prior', '<f8')]), dtype('<f8')) -> None
2128125577563746304: unimodal=0, bimodal=-1, MCMC=0
2128125856742195456: is_P_Kmodal failed: ufunc 'add' did not contain a loop with signature matching types (dtype([('e', '<f8'), ('omega', '<f8'), ('M0', '<f8'), ('s', '<f8'), ('P', '<f8'), ('ln_prior', '<f8')]), dtype('<f8')) -> None
2128125856742195456: unimodal=0, bimodal=-1, MCMC=0
2128126165979845376: is_P_Kmodal failed: ufunc 'add' did not contain a loop with signature matching types (dtype([('e', '<f8'), ('omega', '<f8'), ('M0', '<f8'), ('s', '<f8'), ('P', '<f8'), ('ln_prior', '<f8')]), dtype('<f8')) -> None
2128126165979845376: unimodal=0, bimodal=-1, MCMC=0
2128126436558091776: is_P_Kmodal failed: ufunc 'add' did not contain a loop with signature matching types (dtype([('e', '<f8'), ('omega', '<f8'), ('M0', '<f8'), ('s', '<f8'), ('P', '<f8'), ('ln_prior', '<f8')]), dtype('<f8')) -> None
2128126436558091776: unimodal=0, bimodal=-1, MCMC=0
2128126475211834624: skipping, no Joker samples
2128126509578874624: is_P_Kmodal failed: ufunc 'add' did not contain a loop with signature matching types (dtype([('e', '<f8'), ('omega', '<f8'), ('M0', '<f8'), ('s', '<f8'), ('P', '<f8'), ('ln_prior', '<f8')]), dtype('<f8')) -> None
2128126509578874624: unimodal=0, bimodal=-1, MCMC=0
2128126647016213248: is_P_Kmodal failed: ufunc 'add' did not contain a loop with signature matching types (dtype([('e', '<f8'), ('omega', '<f8'), ('M0', '<f8'), ('s', '<f8'), ('P', '<f8'), ('ln_prior', '<f8')]), dtype('<f8')) -> None
2128126647016213248: unimodal=0, bimodal=-1, MCMC=0
2128127196771758208: is_P_Kmodal failed: ufunc 'add' did not contain a loop with signature matching types (dtype([('e', '<f8'), ('omega', '<f8'), ('M0', '<f8'), ('s', '<f8'), ('P', '<f8'), ('ln_prior', '<f8')]), dtype('<f8')) -> None
2128127196771758208: unimodal=0, bimodal=-1, MCMC=0
2128127506009807232: is_P_Kmodal failed: ufunc 'add' did not contain a loop with signature matching types (dtype([('e', '<f8'), ('omega', '<f8'), ('M0', '<f8'), ('s', '<f8'), ('P', '<f8'), ('ln_prior', '<f8')]), dtype('<f8')) -> None
2128127506009807232: unimodal=0, bimodal=-1, MCMC=0
2128127849606776704: is_P_Kmodal failed: ufunc 'add' did not contain a loop with signature matching types (dtype([('e', '<f8'), ('omega', '<f8'), ('M0', '<f8'), ('s', '<f8'), ('P', '<f8'), ('ln_prior', '<f8')]), dtype('<f8')) -> None
2128127849606776704: unimodal=0, bimodal=-1, MCMC=0
2128127883966516608: is_P_Kmodal failed: ufunc 'add' did not contain a loop with signature matching types (dtype([('e', '<f8'), ('omega', '<f8'), ('M0', '<f8'), ('s', '<f8'), ('P', '<f8'), ('ln_prior', '<f8')]), dtype('<f8')) -> None
2128127883966516608: unimodal=0, bimodal=-1, MCMC=0
2128128124484679168: is_P_Kmodal failed: ufunc 'add' did not contain a loop with signature matching types (dtype([('e', '<f8'), ('omega', '<f8'), ('M0', '<f8'), ('s', '<f8'), ('P', '<f8'), ('ln_prior', '<f8')]), dtype('<f8')) -> None
2128128124484679168: unimodal=0, bimodal=-1, MCMC=0
2128128261923639424: is_P_Kmodal failed: ufunc 'add' did not contain a loop with signature matching types (dtype([('e', '<f8'), ('omega', '<f8'), ('M0', '<f8'), ('s', '<f8'), ('P', '<f8'), ('ln_prior', '<f8')]), dtype('<f8')) -> None
2128128261923639424: unimodal=0, bimodal=-1, MCMC=0
2128128296283380480: is_P_Kmodal failed: ufunc 'add' did not contain a loop with signature matching types (dtype([('e', '<f8'), ('omega', '<f8'), ('M0', '<f8'), ('s', '<f8'), ('P', '<f8'), ('ln_prior', '<f8')]), dtype('<f8')) -> None
2128128296283380480: unimodal=0, bimodal=-1, MCMC=0
2128128326343141760: is_P_Kmodal failed: ufunc 'add' did not contain a loop with signature matching types (dtype([('e', '<f8'), ('omega', '<f8'), ('M0', '<f8'), ('s', '<f8'), ('P', '<f8'), ('ln_prior', '<f8')]), dtype('<f8')) -> None
2128128326343141760: unimodal=0, bimodal=-1, MCMC=0
2128128360702575616: is_P_Kmodal failed: ufunc 'add' did not contain a loop with signature matching types (dtype([('e', '<f8'), ('omega', '<f8'), ('M0', '<f8'), ('s', '<f8'), ('P', '<f8'), ('ln_prior', '<f8')]), dtype('<f8')) -> None
2128128360702575616: unimodal=0, bimodal=-1, MCMC=0
2128129086557384704: is_P_Kmodal failed: ufunc 'add' did not contain a loop with signature matching types (dtype([('e', '<f8'), ('omega', '<f8'), ('M0', '<f8'), ('s', '<f8'), ('P', '<f8'), ('ln_prior', '<f8')]), dtype('<f8')) -> None
2128129086557384704: unimodal=0, bimodal=-1, MCMC=0
2128129292715809920: is_P_Kmodal failed: ufunc 'add' did not contain a loop with signature matching types (dtype([('e', '<f8'), ('omega', '<f8'), ('M0', '<f8'), ('s', '<f8'), ('P', '<f8'), ('ln_prior', '<f8')]), dtype('<f8')) -> None
2128129292715809920: unimodal=0, bimodal=-1, MCMC=0
2128129498874247168: is_P_Kmodal failed: ufunc 'add' did not contain a loop with signature matching types (dtype([('e', '<f8'), ('omega', '<f8'), ('M0', '<f8'), ('s', '<f8'), ('P', '<f8'), ('ln_prior', '<f8')]), dtype('<f8')) -> None
2128129498874247168: unimodal=0, bimodal=-1, MCMC=0
2128129842471629440: unimodal=1, bimodal=0, MCMC=0
2128129876831370880: skipping, no Joker samples
2128130048630053888: is_P_Kmodal failed: ufunc 'add' did not contain a loop with signature matching types (dtype([('e', '<f8'), ('omega', '<f8'), ('M0', '<f8'), ('s', '<f8'), ('P', '<f8'), ('ln_prior', '<f8')]), dtype('<f8')) -> None
2128130048630053888: unimodal=0, bimodal=-1, MCMC=0
2128130048630054784: is_P_Kmodal failed: ufunc 'add' did not contain a loop with signature matching types (dtype([('e', '<f8'), ('omega', '<f8'), ('M0', '<f8'), ('s', '<f8'), ('P', '<f8'), ('ln_prior', '<f8')]), dtype('<f8')) -> None
2128130048630054784: unimodal=0, bimodal=-1, MCMC=0
2128130082989794048: is_P_Kmodal failed: ufunc 'add' did not contain a loop with signature matching types (dtype([('e', '<f8'), ('omega', '<f8'), ('M0', '<f8'), ('s', '<f8'), ('P', '<f8'), ('ln_prior', '<f8')]), dtype('<f8')) -> None
2128130082989794048: unimodal=0, bimodal=-1, MCMC=0
2128130117349530368: is_P_Kmodal failed: ufunc 'add' did not contain a loop with signature matching types (dtype([('e', '<f8'), ('omega', '<f8'), ('M0', '<f8'), ('s', '<f8'), ('P', '<f8'), ('ln_prior', '<f8')]), dtype('<f8')) -> None
2128130117349530368: unimodal=0, bimodal=-1, MCMC=0
2128130323508364416: is_P_Kmodal failed: ufunc 'add' did not contain a loop with signature matching types (dtype([('e', '<f8'), ('omega', '<f8'), ('M0', '<f8'), ('s', '<f8'), ('P', '<f8'), ('ln_prior', '<f8')]), dtype('<f8')) -> None
2128130323508364416: unimodal=0, bimodal=-1, MCMC=0
2128130529666798336: is_P_Kmodal failed: ufunc 'add' did not contain a loop with signature matching types (dtype([('e', '<f8'), ('omega', '<f8'), ('M0', '<f8'), ('s', '<f8'), ('P', '<f8'), ('ln_prior', '<f8')]), dtype('<f8')) -> None
2128130529666798336: unimodal=0, bimodal=-1, MCMC=0
2128130632746046592: is_P_Kmodal failed: ufunc 'add' did not contain a loop with signature matching types (dtype([('e', '<f8'), ('omega', '<f8'), ('M0', '<f8'), ('s', '<f8'), ('P', '<f8'), ('ln_prior', '<f8')]), dtype('<f8')) -> None
2128130632746046592: unimodal=0, bimodal=-1, MCMC=0
2128130701465518976: is_P_Kmodal failed: ufunc 'add' did not contain a loop with signature matching types (dtype([('e', '<f8'), ('omega', '<f8'), ('M0', '<f8'), ('s', '<f8'), ('P', '<f8'), ('ln_prior', '<f8')]), dtype('<f8')) -> None
2128130701465518976: unimodal=0, bimodal=-1, MCMC=0
2128130735825267200: is_P_Kmodal failed: ufunc 'add' did not contain a loop with signature matching types (dtype([('e', '<f8'), ('omega', '<f8'), ('M0', '<f8'), ('s', '<f8'), ('P', '<f8'), ('ln_prior', '<f8')]), dtype('<f8')) -> None
2128130735825267200: unimodal=0, bimodal=-1, MCMC=0
2128130838905961344: is_P_Kmodal failed: ufunc 'add' did not contain a loop with signature matching types (dtype([('e', '<f8'), ('omega', '<f8'), ('M0', '<f8'), ('s', '<f8'), ('P', '<f8'), ('ln_prior', '<f8')]), dtype('<f8')) -> None
2128130838905961344: unimodal=0, bimodal=-1, MCMC=0
2128130976343423104: skipping, no Joker samples
2128131182501394688: is_P_Kmodal failed: setting an array element with a sequence. The requested array would exceed the maximum number of dimension of 64.
2128131182501394688: unimodal=0, bimodal=-1, MCMC=0
2128131251221231360: is_P_Kmodal failed: ufunc 'add' did not contain a loop with signature matching types (dtype([('e', '<f8'), ('omega', '<f8'), ('M0', '<f8'), ('s', '<f8'), ('P', '<f8'), ('ln_prior', '<f8')]), dtype('<f8')) -> None
2128131251221231360: unimodal=0, bimodal=-1, MCMC=0
2128131281282851072: skipping, no Joker samples
2128131285582429568: is_P_Kmodal failed: ufunc 'add' did not contain a loop with signature matching types (dtype([('e', '<f8'), ('omega', '<f8'), ('M0', '<f8'), ('s', '<f8'), ('P', '<f8'), ('ln_prior', '<f8')]), dtype('<f8')) -> None
2128131285582429568: unimodal=0, bimodal=-1, MCMC=0
2128131319940725504: is_P_Kmodal failed: ufunc 'add' did not contain a loop with signature matching types (dtype([('e', '<f8'), ('omega', '<f8'), ('M0', '<f8'), ('s', '<f8'), ('P', '<f8'), ('ln_prior', '<f8')]), dtype('<f8')) -> None
2128131319940725504: unimodal=0, bimodal=-1, MCMC=0
2128131526099131776: is_P_Kmodal failed: ufunc 'add' did not contain a loop with signature matching types (dtype([('e', '<f8'), ('omega', '<f8'), ('M0', '<f8'), ('s', '<f8'), ('P', '<f8'), ('ln_prior', '<f8')]), dtype('<f8')) -> None
2128131526099131776: unimodal=0, bimodal=-1, MCMC=0
2128131663532747904: is_P_Kmodal failed: ufunc 'add' did not contain a loop with signature matching types (dtype([('e', '<f8'), ('omega', '<f8'), ('M0', '<f8'), ('s', '<f8'), ('P', '<f8'), ('ln_prior', '<f8')]), dtype('<f8')) -> None
2128131663532747904: unimodal=0, bimodal=-1, MCMC=0
2128131697897858816: is_P_Kmodal failed: ufunc 'add' did not contain a loop with signature matching types (dtype([('e', '<f8'), ('omega', '<f8'), ('M0', '<f8'), ('s', '<f8'), ('P', '<f8'), ('ln_prior', '<f8')]), dtype('<f8')) -> None
2128131697897858816: unimodal=0, bimodal=-1, MCMC=0
2128131938416046336: is_P_Kmodal failed: ufunc 'add' did not contain a loop with signature matching types (dtype([('e', '<f8'), ('omega', '<f8'), ('M0', '<f8'), ('s', '<f8'), ('P', '<f8'), ('ln_prior', '<f8')]), dtype('<f8')) -> None
2128131938416046336: unimodal=0, bimodal=-1, MCMC=0
2128131972770439808: is_P_Kmodal failed: ufunc 'add' did not contain a loop with signature matching types (dtype([('e', '<f8'), ('omega', '<f8'), ('M0', '<f8'), ('s', '<f8'), ('P', '<f8'), ('ln_prior', '<f8')]), dtype('<f8')) -> None
2128131972770439808: unimodal=0, bimodal=-1, MCMC=0
2128132007135507456: is_P_Kmodal failed: ufunc 'add' did not contain a loop with signature matching types (dtype([('e', '<f8'), ('omega', '<f8'), ('M0', '<f8'), ('s', '<f8'), ('P', '<f8'), ('ln_prior', '<f8')]), dtype('<f8')) -> None
2128132007135507456: unimodal=0, bimodal=-1, MCMC=0
2128132075854975232: unimodal=0, bimodal=1, MCMC=1
2128132075854976896: is_P_Kmodal failed: ufunc 'add' did not contain a loop with signature matching types (dtype([('e', '<f8'), ('omega', '<f8'), ('M0', '<f8'), ('s', '<f8'), ('P', '<f8'), ('ln_prior', '<f8')]), dtype('<f8')) -> None
2128132075854976896: unimodal=0, bimodal=-1, MCMC=0
2128132110214728832: is_P_Kmodal failed: ufunc 'add' did not contain a loop with signature matching types (dtype([('e', '<f8'), ('omega', '<f8'), ('M0', '<f8'), ('s', '<f8'), ('P', '<f8'), ('ln_prior', '<f8')]), dtype('<f8')) -> None
2128132110214728832: unimodal=0, bimodal=-1, MCMC=0
2128132243353007232: is_P_Kmodal failed: ufunc 'add' did not contain a loop with signature matching types (dtype([('e', '<f8'), ('omega', '<f8'), ('M0', '<f8'), ('s', '<f8'), ('P', '<f8'), ('ln_prior', '<f8')]), dtype('<f8')) -> None
2128132243353007232: unimodal=0, bimodal=-1, MCMC=0
2128132247653628544: is_P_Kmodal failed: ufunc 'add' did not contain a loop with signature matching types (dtype([('e', '<f8'), ('omega', '<f8'), ('M0', '<f8'), ('s', '<f8'), ('P', '<f8'), ('ln_prior', '<f8')]), dtype('<f8')) -> None
2128132247653628544: unimodal=0, bimodal=-1, MCMC=0
2128132282013368960: is_P_Kmodal failed: ufunc 'add' did not contain a loop with signature matching types (dtype([('e', '<f8'), ('omega', '<f8'), ('M0', '<f8'), ('s', '<f8'), ('P', '<f8'), ('ln_prior', '<f8')]), dtype('<f8')) -> None
2128132282013368960: unimodal=0, bimodal=-1, MCMC=0
2128132316373102208: is_P_Kmodal failed: ufunc 'add' did not contain a loop with signature matching types (dtype([('e', '<f8'), ('omega', '<f8'), ('M0', '<f8'), ('s', '<f8'), ('P', '<f8'), ('ln_prior', '<f8')]), dtype('<f8')) -> None
2128132316373102208: unimodal=0, bimodal=-1, MCMC=0
2128132385092596352: is_P_Kmodal failed: ufunc 'add' did not contain a loop with signature matching types (dtype([('e', '<f8'), ('omega', '<f8'), ('M0', '<f8'), ('s', '<f8'), ('P', '<f8'), ('ln_prior', '<f8')]), dtype('<f8')) -> None
2128132385092596352: unimodal=0, bimodal=-1, MCMC=0
2128132419452342912: is_P_Kmodal failed: ufunc 'add' did not contain a loop with signature matching types (dtype([('e', '<f8'), ('omega', '<f8'), ('M0', '<f8'), ('s', '<f8'), ('P', '<f8'), ('ln_prior', '<f8')]), dtype('<f8')) -> None
2128132419452342912: unimodal=0, bimodal=-1, MCMC=0
2128132453806697728: skipping, no Joker samples
2128132556891271168: is_P_Kmodal failed: ufunc 'add' did not contain a loop with signature matching types (dtype([('e', '<f8'), ('omega', '<f8'), ('M0', '<f8'), ('s', '<f8'), ('P', '<f8'), ('ln_prior', '<f8')]), dtype('<f8')) -> None
2128132556891271168: unimodal=0, bimodal=-1, MCMC=0
2128132586950838912: is_P_Kmodal failed: ufunc 'add' did not contain a loop with signature matching types (dtype([('e', '<f8'), ('omega', '<f8'), ('M0', '<f8'), ('s', '<f8'), ('P', '<f8'), ('ln_prior', '<f8')]), dtype('<f8')) -> None
2128132586950838912: unimodal=0, bimodal=-1, MCMC=0
2128132621310122880: is_P_Kmodal failed: ufunc 'add' did not contain a loop with signature matching types (dtype([('e', '<f8'), ('omega', '<f8'), ('M0', '<f8'), ('s', '<f8'), ('P', '<f8'), ('ln_prior', '<f8')]), dtype('<f8')) -> None
2128132621310122880: unimodal=0, bimodal=-1, MCMC=0
2128132758749075456: is_P_Kmodal failed: ufunc 'add' did not contain a loop with signature matching types (dtype([('e', '<f8'), ('omega', '<f8'), ('M0', '<f8'), ('s', '<f8'), ('P', '<f8'), ('ln_prior', '<f8')]), dtype('<f8')) -> None
2128132758749075456: unimodal=0, bimodal=-1, MCMC=0
2128132930547764992: is_P_Kmodal failed: ufunc 'add' did not contain a loop with signature matching types (dtype([('e', '<f8'), ('omega', '<f8'), ('M0', '<f8'), ('s', '<f8'), ('P', '<f8'), ('ln_prior', '<f8')]), dtype('<f8')) -> None
2128132930547764992: unimodal=0, bimodal=-1, MCMC=0
2128132934848443520: skipping, no Joker samples
2128133067986720896: is_P_Kmodal failed: ufunc 'add' did not contain a loop with signature matching types (dtype([('e', '<f8'), ('omega', '<f8'), ('M0', '<f8'), ('s', '<f8'), ('P', '<f8'), ('ln_prior', '<f8')]), dtype('<f8')) -> None
2128133067986720896: unimodal=0, bimodal=-1, MCMC=0
2128133106647124224: skipping, no Joker samples
2128133381525076992: skipping, no Joker samples
2128133450244552704: is_P_Kmodal failed: ufunc 'add' did not contain a loop with signature matching types (dtype([('e', '<f8'), ('omega', '<f8'), ('M0', '<f8'), ('s', '<f8'), ('P', '<f8'), ('ln_prior', '<f8')]), dtype('<f8')) -> None
2128133450244552704: unimodal=0, bimodal=-1, MCMC=0
2128133450244555392: is_P_Kmodal failed: ufunc 'add' did not contain a loop with signature matching types (dtype([('e', '<f8'), ('omega', '<f8'), ('M0', '<f8'), ('s', '<f8'), ('P', '<f8'), ('ln_prior', '<f8')]), dtype('<f8')) -> None
2128133450244555392: unimodal=0, bimodal=-1, MCMC=0
2128133518964044032: is_P_Kmodal failed: ufunc 'add' did not contain a loop with signature matching types (dtype([('e', '<f8'), ('omega', '<f8'), ('M0', '<f8'), ('s', '<f8'), ('P', '<f8'), ('ln_prior', '<f8')]), dtype('<f8')) -> None
2128133518964044032: unimodal=0, bimodal=-1, MCMC=0
2128133622044757760: is_P_Kmodal failed: ufunc 'add' did not contain a loop with signature matching types (dtype([('e', '<f8'), ('omega', '<f8'), ('M0', '<f8'), ('s', '<f8'), ('P', '<f8'), ('ln_prior', '<f8')]), dtype('<f8')) -> None
2128133622044757760: unimodal=0, bimodal=-1, MCMC=0
2128133793841949440: is_P_Kmodal failed: ufunc 'add' did not contain a loop with signature matching types (dtype([('e', '<f8'), ('omega', '<f8'), ('M0', '<f8'), ('s', '<f8'), ('P', '<f8'), ('ln_prior', '<f8')]), dtype('<f8')) -> None
2128133793841949440: unimodal=0, bimodal=-1, MCMC=0
2128133828201680128: skipping, no Joker samples
2128133896921176576: is_P_Kmodal failed: ufunc 'add' did not contain a loop with signature matching types (dtype([('e', '<f8'), ('omega', '<f8'), ('M0', '<f8'), ('s', '<f8'), ('P', '<f8'), ('ln_prior', '<f8')]), dtype('<f8')) -> None
2128133896921176576: unimodal=0, bimodal=-1, MCMC=0
2128133896921177600: is_P_Kmodal failed: ufunc 'add' did not contain a loop with signature matching types (dtype([('e', '<f8'), ('omega', '<f8'), ('M0', '<f8'), ('s', '<f8'), ('P', '<f8'), ('ln_prior', '<f8')]), dtype('<f8')) -> None
2128133896921177600: unimodal=0, bimodal=-1, MCMC=0
2128134171799078144: is_P_Kmodal failed: ufunc 'add' did not contain a loop with signature matching types (dtype([('e', '<f8'), ('omega', '<f8'), ('M0', '<f8'), ('s', '<f8'), ('P', '<f8'), ('ln_prior', '<f8')]), dtype('<f8')) -> None
2128134171799078144: unimodal=0, bimodal=-1, MCMC=0
2128134442376853120: is_P_Kmodal failed: ufunc 'add' did not contain a loop with signature matching types (dtype([('e', '<f8'), ('omega', '<f8'), ('M0', '<f8'), ('s', '<f8'), ('P', '<f8'), ('ln_prior', '<f8')]), dtype('<f8')) -> None
2128134442376853120: unimodal=0, bimodal=-1, MCMC=0
2128134549756169856: skipping, no Joker samples
2128134579815858048: is_P_Kmodal failed: ufunc 'add' did not contain a loop with signature matching types (dtype([('e', '<f8'), ('omega', '<f8'), ('M0', '<f8'), ('s', '<f8'), ('P', '<f8'), ('ln_prior', '<f8')]), dtype('<f8')) -> None
2128134579815858048: unimodal=0, bimodal=-1, MCMC=0
2128134584115918336: is_P_Kmodal failed: ufunc 'add' did not contain a loop with signature matching types (dtype([('e', '<f8'), ('omega', '<f8'), ('M0', '<f8'), ('s', '<f8'), ('P', '<f8'), ('ln_prior', '<f8')]), dtype('<f8')) -> None
2128134584115918336: unimodal=0, bimodal=-1, MCMC=0
2128134824634071424: is_P_Kmodal failed: ufunc 'add' did not contain a loop with signature matching types (dtype([('e', '<f8'), ('omega', '<f8'), ('M0', '<f8'), ('s', '<f8'), ('P', '<f8'), ('ln_prior', '<f8')]), dtype('<f8')) -> None
2128134824634071424: unimodal=0, bimodal=-1, MCMC=0
2128134893353563904: is_P_Kmodal failed: ufunc 'add' did not contain a loop with signature matching types (dtype([('e', '<f8'), ('omega', '<f8'), ('M0', '<f8'), ('s', '<f8'), ('P', '<f8'), ('ln_prior', '<f8')]), dtype('<f8')) -> None
2128134893353563904: unimodal=0, bimodal=-1, MCMC=0
2128135133866662272: is_P_Kmodal failed: ufunc 'add' did not contain a loop with signature matching types (dtype([('e', '<f8'), ('omega', '<f8'), ('M0', '<f8'), ('s', '<f8'), ('P', '<f8'), ('ln_prior', '<f8')]), dtype('<f8')) -> None
2128135133866662272: unimodal=0, bimodal=-1, MCMC=0
2128135404451469440: is_P_Kmodal failed: ufunc 'add' did not contain a loop with signature matching types (dtype([('e', '<f8'), ('omega', '<f8'), ('M0', '<f8'), ('s', '<f8'), ('P', '<f8'), ('ln_prior', '<f8')]), dtype('<f8')) -> None
2128135404451469440: unimodal=0, bimodal=-1, MCMC=0
2128135408749666304: is_P_Kmodal failed: ufunc 'add' did not contain a loop with signature matching types (dtype([('e', '<f8'), ('omega', '<f8'), ('M0', '<f8'), ('s', '<f8'), ('P', '<f8'), ('ln_prior', '<f8')]), dtype('<f8')) -> None
2128135408749666304: unimodal=0, bimodal=-1, MCMC=0
2128135408750445056: is_P_Kmodal failed: ufunc 'add' did not contain a loop with signature matching types (dtype([('e', '<f8'), ('omega', '<f8'), ('M0', '<f8'), ('s', '<f8'), ('P', '<f8'), ('ln_prior', '<f8')]), dtype('<f8')) -> None
2128135408750445056: unimodal=0, bimodal=-1, MCMC=0
2128135438808651008: is_P_Kmodal failed: ufunc 'add' did not contain a loop with signature matching types (dtype([('e', '<f8'), ('omega', '<f8'), ('M0', '<f8'), ('s', '<f8'), ('P', '<f8'), ('ln_prior', '<f8')]), dtype('<f8')) -> None
2128135438808651008: unimodal=0, bimodal=-1, MCMC=0
2128135541888385152: is_P_Kmodal failed: ufunc 'add' did not contain a loop with signature matching types (dtype([('e', '<f8'), ('omega', '<f8'), ('M0', '<f8'), ('s', '<f8'), ('P', '<f8'), ('ln_prior', '<f8')]), dtype('<f8')) -> None
2128135541888385152: unimodal=0, bimodal=-1, MCMC=0
2128135546188203904: skipping, no Joker samples
2128136095944021120: is_P_Kmodal failed: ufunc 'add' did not contain a loop with signature matching types (dtype([('e', '<f8'), ('omega', '<f8'), ('M0', '<f8'), ('s', '<f8'), ('P', '<f8'), ('ln_prior', '<f8')]), dtype('<f8')) -> None
2128136095944021120: unimodal=0, bimodal=-1, MCMC=0
2128136095944021248: is_P_Kmodal failed: ufunc 'add' did not contain a loop with signature matching types (dtype([('e', '<f8'), ('omega', '<f8'), ('M0', '<f8'), ('s', '<f8'), ('P', '<f8'), ('ln_prior', '<f8')]), dtype('<f8')) -> None
2128136095944021248: unimodal=0, bimodal=-1, MCMC=0
2128136267743226624: skipping, no Joker samples
2128136370822408576: is_P_Kmodal failed: ufunc 'add' did not contain a loop with signature matching types (dtype([('e', '<f8'), ('omega', '<f8'), ('M0', '<f8'), ('s', '<f8'), ('P', '<f8'), ('ln_prior', '<f8')]), dtype('<f8')) -> None
2128136370822408576: unimodal=0, bimodal=-1, MCMC=0
2128136611340599168: is_P_Kmodal failed: ufunc 'add' did not contain a loop with signature matching types (dtype([('e', '<f8'), ('omega', '<f8'), ('M0', '<f8'), ('s', '<f8'), ('P', '<f8'), ('ln_prior', '<f8')]), dtype('<f8')) -> None
2128136611340599168: unimodal=0, bimodal=-1, MCMC=0
2128137573413245568: is_P_Kmodal failed: ufunc 'add' did not contain a loop with signature matching types (dtype([('e', '<f8'), ('omega', '<f8'), ('M0', '<f8'), ('s', '<f8'), ('P', '<f8'), ('ln_prior', '<f8')]), dtype('<f8')) -> None
2128137573413245568: unimodal=0, bimodal=-1, MCMC=0
2128137642132747008: is_P_Kmodal failed: ufunc 'add' did not contain a loop with signature matching types (dtype([('e', '<f8'), ('omega', '<f8'), ('M0', '<f8'), ('s', '<f8'), ('P', '<f8'), ('ln_prior', '<f8')]), dtype('<f8')) -> None
2128137642132747008: unimodal=0, bimodal=-1, MCMC=0
2128137676493142272: is_P_Kmodal failed: ufunc 'add' did not contain a loop with signature matching types (dtype([('e', '<f8'), ('omega', '<f8'), ('M0', '<f8'), ('s', '<f8'), ('P', '<f8'), ('ln_prior', '<f8')]), dtype('<f8')) -> None
2128137676493142272: unimodal=0, bimodal=-1, MCMC=0
2128138054451042176: is_P_Kmodal failed: ufunc 'add' did not contain a loop with signature matching types (dtype([('e', '<f8'), ('omega', '<f8'), ('M0', '<f8'), ('s', '<f8'), ('P', '<f8'), ('ln_prior', '<f8')]), dtype('<f8')) -> None
2128138054451042176: unimodal=0, bimodal=-1, MCMC=0
2128138088809362048: is_P_Kmodal failed: ufunc 'add' did not contain a loop with signature matching types (dtype([('e', '<f8'), ('omega', '<f8'), ('M0', '<f8'), ('s', '<f8'), ('P', '<f8'), ('ln_prior', '<f8')]), dtype('<f8')) -> None
2128138088809362048: unimodal=0, bimodal=-1, MCMC=0
2128138123169106048: skipping, no Joker samples
2128138260608070144: is_P_Kmodal failed: ufunc 'add' did not contain a loop with signature matching types (dtype([('e', '<f8'), ('omega', '<f8'), ('M0', '<f8'), ('s', '<f8'), ('P', '<f8'), ('ln_prior', '<f8')]), dtype('<f8')) -> None
2128138260608070144: unimodal=0, bimodal=-1, MCMC=0
2128138844723598464: is_P_Kmodal failed: ufunc 'add' did not contain a loop with signature matching types (dtype([('e', '<f8'), ('omega', '<f8'), ('M0', '<f8'), ('s', '<f8'), ('P', '<f8'), ('ln_prior', '<f8')]), dtype('<f8')) -> None
2128138844723598464: unimodal=0, bimodal=-1, MCMC=0
2128138947802822400: is_P_Kmodal failed: ufunc 'add' did not contain a loop with signature matching types (dtype([('e', '<f8'), ('omega', '<f8'), ('M0', '<f8'), ('s', '<f8'), ('P', '<f8'), ('ln_prior', '<f8')]), dtype('<f8')) -> None
2128138947802822400: unimodal=0, bimodal=-1, MCMC=0
2128139016522313216: is_P_Kmodal failed: ufunc 'add' did not contain a loop with signature matching types (dtype([('e', '<f8'), ('omega', '<f8'), ('M0', '<f8'), ('s', '<f8'), ('P', '<f8'), ('ln_prior', '<f8')]), dtype('<f8')) -> None
2128139016522313216: unimodal=0, bimodal=-1, MCMC=0
2128139149666352256: is_P_Kmodal failed: ufunc 'add' did not contain a loop with signature matching types (dtype([('e', '<f8'), ('omega', '<f8'), ('M0', '<f8'), ('s', '<f8'), ('P', '<f8'), ('ln_prior', '<f8')]), dtype('<f8')) -> None
2128139149666352256: unimodal=0, bimodal=-1, MCMC=0
2128139153956421632: is_P_Kmodal failed: ufunc 'add' did not contain a loop with signature matching types (dtype([('e', '<f8'), ('omega', '<f8'), ('M0', '<f8'), ('s', '<f8'), ('P', '<f8'), ('ln_prior', '<f8')]), dtype('<f8')) -> None
2128139153956421632: unimodal=0, bimodal=-1, MCMC=0
2128139222680718208: is_P_Kmodal failed: ufunc 'add' did not contain a loop with signature matching types (dtype([('e', '<f8'), ('omega', '<f8'), ('M0', '<f8'), ('s', '<f8'), ('P', '<f8'), ('ln_prior', '<f8')]), dtype('<f8')) -> None
2128139222680718208: unimodal=0, bimodal=-1, MCMC=0
2128139291400212864: is_P_Kmodal failed: ufunc 'add' did not contain a loop with signature matching types (dtype([('e', '<f8'), ('omega', '<f8'), ('M0', '<f8'), ('s', '<f8'), ('P', '<f8'), ('ln_prior', '<f8')]), dtype('<f8')) -> None
2128139291400212864: unimodal=0, bimodal=-1, MCMC=0
2128139531918403456: is_P_Kmodal failed: ufunc 'add' did not contain a loop with signature matching types (dtype([('e', '<f8'), ('omega', '<f8'), ('M0', '<f8'), ('s', '<f8'), ('P', '<f8'), ('ln_prior', '<f8')]), dtype('<f8')) -> None
2128139531918403456: unimodal=0, bimodal=-1, MCMC=0
2128139600637877120: is_P_Kmodal failed: ufunc 'add' did not contain a loop with signature matching types (dtype([('e', '<f8'), ('omega', '<f8'), ('M0', '<f8'), ('s', '<f8'), ('P', '<f8'), ('ln_prior', '<f8')]), dtype('<f8')) -> None
2128139600637877120: unimodal=0, bimodal=-1, MCMC=0
2128139703717086720: is_P_Kmodal failed: ufunc 'add' did not contain a loop with signature matching types (dtype([('e', '<f8'), ('omega', '<f8'), ('M0', '<f8'), ('s', '<f8'), ('P', '<f8'), ('ln_prior', '<f8')]), dtype('<f8')) -> None
2128139703717086720: unimodal=0, bimodal=-1, MCMC=0
2128139703717089152: is_P_Kmodal failed: ufunc 'add' did not contain a loop with signature matching types (dtype([('e', '<f8'), ('omega', '<f8'), ('M0', '<f8'), ('s', '<f8'), ('P', '<f8'), ('ln_prior', '<f8')]), dtype('<f8')) -> None
2128139703717089152: unimodal=0, bimodal=-1, MCMC=0
2128139703717089920: is_P_Kmodal failed: ufunc 'add' did not contain a loop with signature matching types (dtype([('e', '<f8'), ('omega', '<f8'), ('M0', '<f8'), ('s', '<f8'), ('P', '<f8'), ('ln_prior', '<f8')]), dtype('<f8')) -> None
2128139703717089920: unimodal=0, bimodal=-1, MCMC=0
2128139978594904832: skipping, no Joker samples
2128140146092810368: is_P_Kmodal failed: ufunc 'add' did not contain a loop with signature matching types (dtype([('e', '<f8'), ('omega', '<f8'), ('M0', '<f8'), ('s', '<f8'), ('P', '<f8'), ('ln_prior', '<f8')]), dtype('<f8')) -> None
2128140146092810368: unimodal=0, bimodal=-1, MCMC=0
2128140219113783168: is_P_Kmodal failed: ufunc 'add' did not contain a loop with signature matching types (dtype([('e', '<f8'), ('omega', '<f8'), ('M0', '<f8'), ('s', '<f8'), ('P', '<f8'), ('ln_prior', '<f8')]), dtype('<f8')) -> None
2128140219113783168: unimodal=0, bimodal=-1, MCMC=0
2128140219113783296: unimodal=1, bimodal=0, MCMC=0
2128140253472804736: is_P_Kmodal failed: ufunc 'add' did not contain a loop with signature matching types (dtype([('e', '<f8'), ('omega', '<f8'), ('M0', '<f8'), ('s', '<f8'), ('P', '<f8'), ('ln_prior', '<f8')]), dtype('<f8')) -> None
2128140253472804736: unimodal=0, bimodal=-1, MCMC=0
2128140352251239808: is_P_Kmodal failed: ufunc 'add' did not contain a loop with signature matching types (dtype([('e', '<f8'), ('omega', '<f8'), ('M0', '<f8'), ('s', '<f8'), ('P', '<f8'), ('ln_prior', '<f8')]), dtype('<f8')) -> None
2128140352251239808: unimodal=0, bimodal=-1, MCMC=0
2128140425271501824: is_P_Kmodal failed: ufunc 'add' did not contain a loop with signature matching types (dtype([('e', '<f8'), ('omega', '<f8'), ('M0', '<f8'), ('s', '<f8'), ('P', '<f8'), ('ln_prior', '<f8')]), dtype('<f8')) -> None
2128140425271501824: unimodal=0, bimodal=-1, MCMC=0
2128140665791147520: is_P_Kmodal failed: ufunc 'add' did not contain a loop with signature matching types (dtype([('e', '<f8'), ('omega', '<f8'), ('M0', '<f8'), ('s', '<f8'), ('P', '<f8'), ('ln_prior', '<f8')]), dtype('<f8')) -> None
2128140665791147520: unimodal=0, bimodal=-1, MCMC=0
2128141112466248576: is_P_Kmodal failed: ufunc 'add' did not contain a loop with signature matching types (dtype([('e', '<f8'), ('omega', '<f8'), ('M0', '<f8'), ('s', '<f8'), ('P', '<f8'), ('ln_prior', '<f8')]), dtype('<f8')) -> None
2128141112466248576: unimodal=0, bimodal=-1, MCMC=0
2128141387344149888: skipping, no Joker samples
2128141417403122944: is_P_Kmodal failed: ufunc 'add' did not contain a loop with signature matching types (dtype([('e', '<f8'), ('omega', '<f8'), ('M0', '<f8'), ('s', '<f8'), ('P', '<f8'), ('ln_prior', '<f8')]), dtype('<f8')) -> None
2128141417403122944: unimodal=0, bimodal=-1, MCMC=0
2128141593502618496: is_P_Kmodal failed: ufunc 'add' did not contain a loop with signature matching types (dtype([('e', '<f8'), ('omega', '<f8'), ('M0', '<f8'), ('s', '<f8'), ('P', '<f8'), ('ln_prior', '<f8')]), dtype('<f8')) -> None
2128141593502618496: unimodal=0, bimodal=-1, MCMC=0
2128141662222089216: is_P_Kmodal failed: ufunc 'add' did not contain a loop with signature matching types (dtype([('e', '<f8'), ('omega', '<f8'), ('M0', '<f8'), ('s', '<f8'), ('P', '<f8'), ('ln_prior', '<f8')]), dtype('<f8')) -> None
2128141662222089216: unimodal=0, bimodal=-1, MCMC=0
2128141696581841536: is_P_Kmodal failed: ufunc 'add' did not contain a loop with signature matching types (dtype([('e', '<f8'), ('omega', '<f8'), ('M0', '<f8'), ('s', '<f8'), ('P', '<f8'), ('ln_prior', '<f8')]), dtype('<f8')) -> None
2128141696581841536: unimodal=0, bimodal=-1, MCMC=0
2128142108898708992: skipping, no Joker samples
2128142280697438208: skipping, no Joker samples
2128142413835532928: is_P_Kmodal failed: ufunc 'add' did not contain a loop with signature matching types (dtype([('e', '<f8'), ('omega', '<f8'), ('M0', '<f8'), ('s', '<f8'), ('P', '<f8'), ('ln_prior', '<f8')]), dtype('<f8')) -> None
2128142413835532928: unimodal=0, bimodal=-1, MCMC=0
2128142413836624768: is_P_Kmodal failed: ufunc 'add' did not contain a loop with signature matching types (dtype([('e', '<f8'), ('omega', '<f8'), ('M0', '<f8'), ('s', '<f8'), ('P', '<f8'), ('ln_prior', '<f8')]), dtype('<f8')) -> None
2128142413836624768: unimodal=0, bimodal=-1, MCMC=0
2128142830453283200: unimodal=1, bimodal=0, MCMC=1
2128143169751179904: is_P_Kmodal failed: ufunc 'add' did not contain a loop with signature matching types (dtype([('e', '<f8'), ('omega', '<f8'), ('M0', '<f8'), ('s', '<f8'), ('P', '<f8'), ('ln_prior', '<f8')]), dtype('<f8')) -> None
2128143169751179904: unimodal=0, bimodal=-1, MCMC=0
2128143311489560192: is_P_Kmodal failed: ufunc 'add' did not contain a loop with signature matching types (dtype([('e', '<f8'), ('omega', '<f8'), ('M0', '<f8'), ('s', '<f8'), ('P', '<f8'), ('ln_prior', '<f8')]), dtype('<f8')) -> None
2128143311489560192: unimodal=0, bimodal=-1, MCMC=0
2128143792525938432: is_P_Kmodal failed: ufunc 'add' did not contain a loop with signature matching types (dtype([('e', '<f8'), ('omega', '<f8'), ('M0', '<f8'), ('s', '<f8'), ('P', '<f8'), ('ln_prior', '<f8')]), dtype('<f8')) -> None
2128143792525938432: unimodal=0, bimodal=-1, MCMC=0
2128143826885684864: is_P_Kmodal failed: ufunc 'add' did not contain a loop with signature matching types (dtype([('e', '<f8'), ('omega', '<f8'), ('M0', '<f8'), ('s', '<f8'), ('P', '<f8'), ('ln_prior', '<f8')]), dtype('<f8')) -> None
2128143826885684864: unimodal=0, bimodal=-1, MCMC=0
2128144204842804992: is_P_Kmodal failed: ufunc 'add' did not contain a loop with signature matching types (dtype([('e', '<f8'), ('omega', '<f8'), ('M0', '<f8'), ('s', '<f8'), ('P', '<f8'), ('ln_prior', '<f8')]), dtype('<f8')) -> None
2128144204842804992: unimodal=0, bimodal=-1, MCMC=0
2128144342281521152: skipping, no Joker samples
2128144376641264768: is_P_Kmodal failed: ufunc 'add' did not contain a loop with signature matching types (dtype([('e', '<f8'), ('omega', '<f8'), ('M0', '<f8'), ('s', '<f8'), ('P', '<f8'), ('ln_prior', '<f8')]), dtype('<f8')) -> None
2128144376641264768: unimodal=0, bimodal=-1, MCMC=0
2128144651519171968: is_P_Kmodal failed: ufunc 'add' did not contain a loop with signature matching types (dtype([('e', '<f8'), ('omega', '<f8'), ('M0', '<f8'), ('s', '<f8'), ('P', '<f8'), ('ln_prior', '<f8')]), dtype('<f8')) -> None
2128144651519171968: unimodal=0, bimodal=-1, MCMC=0
2128144823317868288: is_P_Kmodal failed: ufunc 'add' did not contain a loop with signature matching types (dtype([('e', '<f8'), ('omega', '<f8'), ('M0', '<f8'), ('s', '<f8'), ('P', '<f8'), ('ln_prior', '<f8')]), dtype('<f8')) -> None
2128144823317868288: unimodal=0, bimodal=-1, MCMC=0
2128144857677611264: is_P_Kmodal failed: ufunc 'add' did not contain a loop with signature matching types (dtype([('e', '<f8'), ('omega', '<f8'), ('M0', '<f8'), ('s', '<f8'), ('P', '<f8'), ('ln_prior', '<f8')]), dtype('<f8')) -> None
2128144857677611264: unimodal=0, bimodal=-1, MCMC=0
2128144960756839424: skipping, no Joker samples
2128145166915272832: is_P_Kmodal failed: ufunc 'add' did not contain a loop with signature matching types (dtype([('e', '<f8'), ('omega', '<f8'), ('M0', '<f8'), ('s', '<f8'), ('P', '<f8'), ('ln_prior', '<f8')]), dtype('<f8')) -> None
2128145166915272832: unimodal=0, bimodal=-1, MCMC=0
2128145166915275392: is_P_Kmodal failed: ufunc 'add' did not contain a loop with signature matching types (dtype([('e', '<f8'), ('omega', '<f8'), ('M0', '<f8'), ('s', '<f8'), ('P', '<f8'), ('ln_prior', '<f8')]), dtype('<f8')) -> None
2128145166915275392: unimodal=0, bimodal=-1, MCMC=0
2128145201275015296: is_P_Kmodal failed: ufunc 'add' did not contain a loop with signature matching types (dtype([('e', '<f8'), ('omega', '<f8'), ('M0', '<f8'), ('s', '<f8'), ('P', '<f8'), ('ln_prior', '<f8')]), dtype('<f8')) -> None
2128145201275015296: unimodal=0, bimodal=-1, MCMC=0
2128145338713989120: skipping, no Joker samples
2128145368773804288: is_P_Kmodal failed: ufunc 'add' did not contain a loop with signature matching types (dtype([('e', '<f8'), ('omega', '<f8'), ('M0', '<f8'), ('s', '<f8'), ('P', '<f8'), ('ln_prior', '<f8')]), dtype('<f8')) -> None
2128145368773804288: unimodal=0, bimodal=-1, MCMC=0
2128145471852927232: is_P_Kmodal failed: ufunc 'add' did not contain a loop with signature matching types (dtype([('e', '<f8'), ('omega', '<f8'), ('M0', '<f8'), ('s', '<f8'), ('P', '<f8'), ('ln_prior', '<f8')]), dtype('<f8')) -> None
2128145471852927232: unimodal=0, bimodal=-1, MCMC=0
2128145506214540800: skipping, no Joker samples
2128145544872361984: unimodal=1, bimodal=0, MCMC=1
2128145716671044352: is_P_Kmodal failed: ufunc 'add' did not contain a loop with signature matching types (dtype([('e', '<f8'), ('omega', '<f8'), ('M0', '<f8'), ('s', '<f8'), ('P', '<f8'), ('ln_prior', '<f8')]), dtype('<f8')) -> None
2128145716671044352: unimodal=0, bimodal=-1, MCMC=0
2128145819751144704: is_P_Kmodal failed: ufunc 'add' did not contain a loop with signature matching types (dtype([('e', '<f8'), ('omega', '<f8'), ('M0', '<f8'), ('s', '<f8'), ('P', '<f8'), ('ln_prior', '<f8')]), dtype('<f8')) -> None
2128145819751144704: unimodal=0, bimodal=-1, MCMC=0
2128145957189232256: is_P_Kmodal failed: ufunc 'add' did not contain a loop with signature matching types (dtype([('e', '<f8'), ('omega', '<f8'), ('M0', '<f8'), ('s', '<f8'), ('P', '<f8'), ('ln_prior', '<f8')]), dtype('<f8')) -> None
2128145957189232256: unimodal=0, bimodal=-1, MCMC=0
2128146025908733568: is_P_Kmodal failed: ufunc 'add' did not contain a loop with signature matching types (dtype([('e', '<f8'), ('omega', '<f8'), ('M0', '<f8'), ('s', '<f8'), ('P', '<f8'), ('ln_prior', '<f8')]), dtype('<f8')) -> None
2128146025908733568: unimodal=0, bimodal=-1, MCMC=0
2128146335146361856: is_P_Kmodal failed: ufunc 'add' did not contain a loop with signature matching types (dtype([('e', '<f8'), ('omega', '<f8'), ('M0', '<f8'), ('s', '<f8'), ('P', '<f8'), ('ln_prior', '<f8')]), dtype('<f8')) -> None
2128146335146361856: unimodal=0, bimodal=-1, MCMC=0
2128146472585332096: is_P_Kmodal failed: ufunc 'add' did not contain a loop with signature matching types (dtype([('e', '<f8'), ('omega', '<f8'), ('M0', '<f8'), ('s', '<f8'), ('P', '<f8'), ('ln_prior', '<f8')]), dtype('<f8')) -> None
2128146472585332096: unimodal=0, bimodal=-1, MCMC=0
2128146541304841088: is_P_Kmodal failed: ufunc 'add' did not contain a loop with signature matching types (dtype([('e', '<f8'), ('omega', '<f8'), ('M0', '<f8'), ('s', '<f8'), ('P', '<f8'), ('ln_prior', '<f8')]), dtype('<f8')) -> None
2128146541304841088: unimodal=0, bimodal=-1, MCMC=0
2128146575664591872: is_P_Kmodal failed: ufunc 'add' did not contain a loop with signature matching types (dtype([('e', '<f8'), ('omega', '<f8'), ('M0', '<f8'), ('s', '<f8'), ('P', '<f8'), ('ln_prior', '<f8')]), dtype('<f8')) -> None
2128146575664591872: unimodal=0, bimodal=-1, MCMC=0
2128146610024321152: is_P_Kmodal failed: ufunc 'add' did not contain a loop with signature matching types (dtype([('e', '<f8'), ('omega', '<f8'), ('M0', '<f8'), ('s', '<f8'), ('P', '<f8'), ('ln_prior', '<f8')]), dtype('<f8')) -> None
2128146610024321152: unimodal=0, bimodal=-1, MCMC=0
2128147121119697024: is_P_Kmodal failed: ufunc 'add' did not contain a loop with signature matching types (dtype([('e', '<f8'), ('omega', '<f8'), ('M0', '<f8'), ('s', '<f8'), ('P', '<f8'), ('ln_prior', '<f8')]), dtype('<f8')) -> None
2128147121119697024: unimodal=0, bimodal=-1, MCMC=0
2128147361638828672: skipping, no Joker samples
2128147400298334592: is_P_Kmodal failed: ufunc 'add' did not contain a loop with signature matching types (dtype([('e', '<f8'), ('omega', '<f8'), ('M0', '<f8'), ('s', '<f8'), ('P', '<f8'), ('ln_prior', '<f8')]), dtype('<f8')) -> None
2128147400298334592: unimodal=0, bimodal=-1, MCMC=0
2128147812615179776: is_P_Kmodal failed: ufunc 'add' did not contain a loop with signature matching types (dtype([('e', '<f8'), ('omega', '<f8'), ('M0', '<f8'), ('s', '<f8'), ('P', '<f8'), ('ln_prior', '<f8')]), dtype('<f8')) -> None
2128147812615179776: unimodal=0, bimodal=-1, MCMC=0
2128147915694359168: is_P_Kmodal failed: ufunc 'add' did not contain a loop with signature matching types (dtype([('e', '<f8'), ('omega', '<f8'), ('M0', '<f8'), ('s', '<f8'), ('P', '<f8'), ('ln_prior', '<f8')]), dtype('<f8')) -> None
2128147915694359168: unimodal=0, bimodal=-1, MCMC=0
2128147980119157760: is_P_Kmodal failed: ufunc 'add' did not contain a loop with signature matching types (dtype([('e', '<f8'), ('omega', '<f8'), ('M0', '<f8'), ('s', '<f8'), ('P', '<f8'), ('ln_prior', '<f8')]), dtype('<f8')) -> None
2128147980119157760: unimodal=0, bimodal=-1, MCMC=0
2128148190572304128: is_P_Kmodal failed: ufunc 'add' did not contain a loop with signature matching types (dtype([('e', '<f8'), ('omega', '<f8'), ('M0', '<f8'), ('s', '<f8'), ('P', '<f8'), ('ln_prior', '<f8')]), dtype('<f8')) -> None
2128148190572304128: unimodal=0, bimodal=-1, MCMC=0
2128148461150601472: is_P_Kmodal failed: ufunc 'add' did not contain a loop with signature matching types (dtype([('e', '<f8'), ('omega', '<f8'), ('M0', '<f8'), ('s', '<f8'), ('P', '<f8'), ('ln_prior', '<f8')]), dtype('<f8')) -> None
2128148461150601472: unimodal=0, bimodal=-1, MCMC=0
2128148568529428352: is_P_Kmodal failed: ufunc 'add' did not contain a loop with signature matching types (dtype([('e', '<f8'), ('omega', '<f8'), ('M0', '<f8'), ('s', '<f8'), ('P', '<f8'), ('ln_prior', '<f8')]), dtype('<f8')) -> None
2128148568529428352: unimodal=0, bimodal=-1, MCMC=0
2128148568529429120: is_P_Kmodal failed: ufunc 'add' did not contain a loop with signature matching types (dtype([('e', '<f8'), ('omega', '<f8'), ('M0', '<f8'), ('s', '<f8'), ('P', '<f8'), ('ln_prior', '<f8')]), dtype('<f8')) -> None
2128148568529429120: unimodal=0, bimodal=-1, MCMC=0
2128148671608654720: is_P_Kmodal failed: ufunc 'add' did not contain a loop with signature matching types (dtype([('e', '<f8'), ('omega', '<f8'), ('M0', '<f8'), ('s', '<f8'), ('P', '<f8'), ('ln_prior', '<f8')]), dtype('<f8')) -> None
2128148671608654720: unimodal=0, bimodal=-1, MCMC=0
2128148770387905664: skipping, no Joker samples
2128148774687757952: is_P_Kmodal failed: ufunc 'add' did not contain a loop with signature matching types (dtype([('e', '<f8'), ('omega', '<f8'), ('M0', '<f8'), ('s', '<f8'), ('P', '<f8'), ('ln_prior', '<f8')]), dtype('<f8')) -> None
2128148774687757952: unimodal=0, bimodal=-1, MCMC=0
2128149049565656320: is_P_Kmodal failed: ufunc 'add' did not contain a loop with signature matching types (dtype([('e', '<f8'), ('omega', '<f8'), ('M0', '<f8'), ('s', '<f8'), ('P', '<f8'), ('ln_prior', '<f8')]), dtype('<f8')) -> None
2128149049565656320: unimodal=0, bimodal=-1, MCMC=0
2128149217064678144: is_P_Kmodal failed: ufunc 'add' did not contain a loop with signature matching types (dtype([('e', '<f8'), ('omega', '<f8'), ('M0', '<f8'), ('s', '<f8'), ('P', '<f8'), ('ln_prior', '<f8')]), dtype('<f8')) -> None
2128149217064678144: unimodal=0, bimodal=-1, MCMC=0
2128149358803333504: skipping, no Joker samples
2128149874199376896: is_P_Kmodal failed: ufunc 'add' did not contain a loop with signature matching types (dtype([('e', '<f8'), ('omega', '<f8'), ('M0', '<f8'), ('s', '<f8'), ('P', '<f8'), ('ln_prior', '<f8')]), dtype('<f8')) -> None
2128149874199376896: unimodal=0, bimodal=-1, MCMC=0
2128150114717524992: is_P_Kmodal failed: ufunc 'add' did not contain a loop with signature matching types (dtype([('e', '<f8'), ('omega', '<f8'), ('M0', '<f8'), ('s', '<f8'), ('P', '<f8'), ('ln_prior', '<f8')]), dtype('<f8')) -> None
2128150114717524992: unimodal=0, bimodal=-1, MCMC=0
2128150836272089216: unimodal=1, bimodal=0, MCMC=1
2128150904991561856: is_P_Kmodal failed: ufunc 'add' did not contain a loop with signature matching types (dtype([('e', '<f8'), ('omega', '<f8'), ('M0', '<f8'), ('s', '<f8'), ('P', '<f8'), ('ln_prior', '<f8')]), dtype('<f8')) -> None
2128150904991561856: unimodal=0, bimodal=-1, MCMC=0
2128150973711078656: skipping, no Joker samples
2128151317303131520: skipping, no Joker samples
2128151351669745536: is_P_Kmodal failed: ufunc 'add' did not contain a loop with signature matching types (dtype([('e', '<f8'), ('omega', '<f8'), ('M0', '<f8'), ('s', '<f8'), ('P', '<f8'), ('ln_prior', '<f8')]), dtype('<f8')) -> None
2128151351669745536: unimodal=0, bimodal=-1, MCMC=0
2128151386027954176: is_P_Kmodal failed: ufunc 'add' did not contain a loop with signature matching types (dtype([('e', '<f8'), ('omega', '<f8'), ('M0', '<f8'), ('s', '<f8'), ('P', '<f8'), ('ln_prior', '<f8')]), dtype('<f8')) -> None
2128151386027954176: unimodal=0, bimodal=-1, MCMC=0
2128151484807687808: is_P_Kmodal failed: ufunc 'add' did not contain a loop with signature matching types (dtype([('e', '<f8'), ('omega', '<f8'), ('M0', '<f8'), ('s', '<f8'), ('P', '<f8'), ('ln_prior', '<f8')]), dtype('<f8')) -> None
2128151484807687808: unimodal=0, bimodal=-1, MCMC=0
2128151660905893504: is_P_Kmodal failed: ufunc 'add' did not contain a loop with signature matching types (dtype([('e', '<f8'), ('omega', '<f8'), ('M0', '<f8'), ('s', '<f8'), ('P', '<f8'), ('ln_prior', '<f8')]), dtype('<f8')) -> None
2128151660905893504: unimodal=0, bimodal=-1, MCMC=0
2128151867059090304: is_P_Kmodal failed: ufunc 'add' did not contain a loop with signature matching types (dtype([('e', '<f8'), ('omega', '<f8'), ('M0', '<f8'), ('s', '<f8'), ('P', '<f8'), ('ln_prior', '<f8')]), dtype('<f8')) -> None
2128151867059090304: unimodal=0, bimodal=-1, MCMC=0
2128151965844220160: is_P_Kmodal failed: ufunc 'add' did not contain a loop with signature matching types (dtype([('e', '<f8'), ('omega', '<f8'), ('M0', '<f8'), ('s', '<f8'), ('P', '<f8'), ('ln_prior', '<f8')]), dtype('<f8')) -> None
2128151965844220160: unimodal=0, bimodal=-1, MCMC=0
2128152588618795648: is_P_Kmodal failed: ufunc 'add' did not contain a loop with signature matching types (dtype([('e', '<f8'), ('omega', '<f8'), ('M0', '<f8'), ('s', '<f8'), ('P', '<f8'), ('ln_prior', '<f8')]), dtype('<f8')) -> None
2128152588618795648: unimodal=0, bimodal=-1, MCMC=0
2128152691698580608: is_P_Kmodal failed: ufunc 'add' did not contain a loop with signature matching types (dtype([('e', '<f8'), ('omega', '<f8'), ('M0', '<f8'), ('s', '<f8'), ('P', '<f8'), ('ln_prior', '<f8')]), dtype('<f8')) -> None
2128152691698580608: unimodal=0, bimodal=-1, MCMC=0
2128153000936225280: is_P_Kmodal failed: ufunc 'add' did not contain a loop with signature matching types (dtype([('e', '<f8'), ('omega', '<f8'), ('M0', '<f8'), ('s', '<f8'), ('P', '<f8'), ('ln_prior', '<f8')]), dtype('<f8')) -> None
2128153000936225280: unimodal=0, bimodal=-1, MCMC=0
2128153069655706752: is_P_Kmodal failed: ufunc 'add' did not contain a loop with signature matching types (dtype([('e', '<f8'), ('omega', '<f8'), ('M0', '<f8'), ('s', '<f8'), ('P', '<f8'), ('ln_prior', '<f8')]), dtype('<f8')) -> None
2128153069655706752: unimodal=0, bimodal=-1, MCMC=0
2128153202794448128: is_P_Kmodal failed: ufunc 'add' did not contain a loop with signature matching types (dtype([('e', '<f8'), ('omega', '<f8'), ('M0', '<f8'), ('s', '<f8'), ('P', '<f8'), ('ln_prior', '<f8')]), dtype('<f8')) -> None
2128153202794448128: unimodal=0, bimodal=-1, MCMC=0
2128153305873743744: is_P_Kmodal failed: ufunc 'add' did not contain a loop with signature matching types (dtype([('e', '<f8'), ('omega', '<f8'), ('M0', '<f8'), ('s', '<f8'), ('P', '<f8'), ('ln_prior', '<f8')]), dtype('<f8')) -> None
2128153305873743744: unimodal=0, bimodal=-1, MCMC=0
2128153447612322176: skipping, no Joker samples
2128153481972048128: is_P_Kmodal failed: ufunc 'add' did not contain a loop with signature matching types (dtype([('e', '<f8'), ('omega', '<f8'), ('M0', '<f8'), ('s', '<f8'), ('P', '<f8'), ('ln_prior', '<f8')]), dtype('<f8')) -> None
2128153481972048128: unimodal=0, bimodal=-1, MCMC=0
2128153619411014400: is_P_Kmodal failed: ufunc 'add' did not contain a loop with signature matching types (dtype([('e', '<f8'), ('omega', '<f8'), ('M0', '<f8'), ('s', '<f8'), ('P', '<f8'), ('ln_prior', '<f8')]), dtype('<f8')) -> None
2128153619411014400: unimodal=0, bimodal=-1, MCMC=0
2128153649471265920: is_P_Kmodal failed: ufunc 'add' did not contain a loop with signature matching types (dtype([('e', '<f8'), ('omega', '<f8'), ('M0', '<f8'), ('s', '<f8'), ('P', '<f8'), ('ln_prior', '<f8')]), dtype('<f8')) -> None
2128153649471265920: unimodal=0, bimodal=-1, MCMC=0
2128153688130516992: is_P_Kmodal failed: ufunc 'add' did not contain a loop with signature matching types (dtype([('e', '<f8'), ('omega', '<f8'), ('M0', '<f8'), ('s', '<f8'), ('P', '<f8'), ('ln_prior', '<f8')]), dtype('<f8')) -> None
2128153688130516992: unimodal=0, bimodal=-1, MCMC=0
2128154134807134720: is_P_Kmodal failed: ufunc 'add' did not contain a loop with signature matching types (dtype([('e', '<f8'), ('omega', '<f8'), ('M0', '<f8'), ('s', '<f8'), ('P', '<f8'), ('ln_prior', '<f8')]), dtype('<f8')) -> None
2128154134807134720: unimodal=0, bimodal=-1, MCMC=0
2128154306600654848: is_P_Kmodal failed: ufunc 'add' did not contain a loop with signature matching types (dtype([('e', '<f8'), ('omega', '<f8'), ('M0', '<f8'), ('s', '<f8'), ('P', '<f8'), ('ln_prior', '<f8')]), dtype('<f8')) -> None
2128154306600654848: unimodal=0, bimodal=-1, MCMC=0
2128154615843411328: is_P_Kmodal failed: ufunc 'add' did not contain a loop with signature matching types (dtype([('e', '<f8'), ('omega', '<f8'), ('M0', '<f8'), ('s', '<f8'), ('P', '<f8'), ('ln_prior', '<f8')]), dtype('<f8')) -> None
2128154615843411328: unimodal=0, bimodal=-1, MCMC=0
2128154993800574592: is_P_Kmodal failed: ufunc 'add' did not contain a loop with signature matching types (dtype([('e', '<f8'), ('omega', '<f8'), ('M0', '<f8'), ('s', '<f8'), ('P', '<f8'), ('ln_prior', '<f8')]), dtype('<f8')) -> None
2128154993800574592: unimodal=0, bimodal=-1, MCMC=0
2128155195658191104: is_P_Kmodal failed: ufunc 'add' did not contain a loop with signature matching types (dtype([('e', '<f8'), ('omega', '<f8'), ('M0', '<f8'), ('s', '<f8'), ('P', '<f8'), ('ln_prior', '<f8')]), dtype('<f8')) -> None
2128155195658191104: unimodal=0, bimodal=-1, MCMC=0
2128155371757730816: skipping, no Joker samples
2128155646635635712: is_P_Kmodal failed: ufunc 'add' did not contain a loop with signature matching types (dtype([('e', '<f8'), ('omega', '<f8'), ('M0', '<f8'), ('s', '<f8'), ('P', '<f8'), ('ln_prior', '<f8')]), dtype('<f8')) -> None
2128155646635635712: unimodal=0, bimodal=-1, MCMC=0
2128156299470704128: unimodal=1, bimodal=0, MCMC=1
2128157845658813440: is_P_Kmodal failed: ufunc 'add' did not contain a loop with signature matching types (dtype([('e', '<f8'), ('omega', '<f8'), ('M0', '<f8'), ('s', '<f8'), ('P', '<f8'), ('ln_prior', '<f8')]), dtype('<f8')) -> None
2128157845658813440: unimodal=0, bimodal=-1, MCMC=0
2128157914378846720: is_P_Kmodal failed: ufunc 'add' did not contain a loop with signature matching types (dtype([('e', '<f8'), ('omega', '<f8'), ('M0', '<f8'), ('s', '<f8'), ('P', '<f8'), ('ln_prior', '<f8')]), dtype('<f8')) -> None
2128157914378846720: unimodal=0, bimodal=-1, MCMC=0
2128158017458071680: skipping, no Joker samples
2128158051817817600: is_P_Kmodal failed: ufunc 'add' did not contain a loop with signature matching types (dtype([('e', '<f8'), ('omega', '<f8'), ('M0', '<f8'), ('s', '<f8'), ('P', '<f8'), ('ln_prior', '<f8')]), dtype('<f8')) -> None
2128158051817817600: unimodal=0, bimodal=-1, MCMC=0
2128158120536756224: is_P_Kmodal failed: ufunc 'add' did not contain a loop with signature matching types (dtype([('e', '<f8'), ('omega', '<f8'), ('M0', '<f8'), ('s', '<f8'), ('P', '<f8'), ('ln_prior', '<f8')]), dtype('<f8')) -> None
2128158120536756224: unimodal=0, bimodal=-1, MCMC=0
2128158391113854336: is_P_Kmodal failed: ufunc 'add' did not contain a loop with signature matching types (dtype([('e', '<f8'), ('omega', '<f8'), ('M0', '<f8'), ('s', '<f8'), ('P', '<f8'), ('ln_prior', '<f8')]), dtype('<f8')) -> None
2128158391113854336: unimodal=0, bimodal=-1, MCMC=0
2128158395415226752: unimodal=1, bimodal=0, MCMC=1
2128158842091790336: is_P_Kmodal failed: ufunc 'add' did not contain a loop with signature matching types (dtype([('e', '<f8'), ('omega', '<f8'), ('M0', '<f8'), ('s', '<f8'), ('P', '<f8'), ('ln_prior', '<f8')]), dtype('<f8')) -> None
2128158842091790336: unimodal=0, bimodal=-1, MCMC=0
2128158910811247488: skipping, no Joker samples
2128159804164528256: is_P_Kmodal failed: ufunc 'add' did not contain a loop with signature matching types (dtype([('e', '<f8'), ('omega', '<f8'), ('M0', '<f8'), ('s', '<f8'), ('P', '<f8'), ('ln_prior', '<f8')]), dtype('<f8')) -> None
2128159804164528256: unimodal=0, bimodal=-1, MCMC=0
2128159975963235840: skipping, no Joker samples
2128160624496841216: is_P_Kmodal failed: ufunc 'add' did not contain a loop with signature matching types (dtype([('e', '<f8'), ('omega', '<f8'), ('M0', '<f8'), ('s', '<f8'), ('P', '<f8'), ('ln_prior', '<f8')]), dtype('<f8')) -> None
2128160624496841216: unimodal=0, bimodal=-1, MCMC=0
2128162793460775936: is_P_Kmodal failed: ufunc 'add' did not contain a loop with signature matching types (dtype([('e', '<f8'), ('omega', '<f8'), ('M0', '<f8'), ('s', '<f8'), ('P', '<f8'), ('ln_prior', '<f8')]), dtype('<f8')) -> None
2128162793460775936: unimodal=0, bimodal=-1, MCMC=0
2128163029676990848: is_P_Kmodal failed: ufunc 'add' did not contain a loop with signature matching types (dtype([('e', '<f8'), ('omega', '<f8'), ('M0', '<f8'), ('s', '<f8'), ('P', '<f8'), ('ln_prior', '<f8')]), dtype('<f8')) -> None
2128163029676990848: unimodal=0, bimodal=-1, MCMC=0
2128163102698388352: is_P_Kmodal failed: ufunc 'add' did not contain a loop with signature matching types (dtype([('e', '<f8'), ('omega', '<f8'), ('M0', '<f8'), ('s', '<f8'), ('P', '<f8'), ('ln_prior', '<f8')]), dtype('<f8')) -> None
2128163102698388352: unimodal=0, bimodal=-1, MCMC=0
2128163274497091328: is_P_Kmodal failed: ufunc 'add' did not contain a loop with signature matching types (dtype([('e', '<f8'), ('omega', '<f8'), ('M0', '<f8'), ('s', '<f8'), ('P', '<f8'), ('ln_prior', '<f8')]), dtype('<f8')) -> None
2128163274497091328: unimodal=0, bimodal=-1, MCMC=0
2128163686813965568: is_P_Kmodal failed: ufunc 'add' did not contain a loop with signature matching types (dtype([('e', '<f8'), ('omega', '<f8'), ('M0', '<f8'), ('s', '<f8'), ('P', '<f8'), ('ln_prior', '<f8')]), dtype('<f8')) -> None
2128163686813965568: unimodal=0, bimodal=-1, MCMC=0
2128163996051614080: is_P_Kmodal failed: ufunc 'add' did not contain a loop with signature matching types (dtype([('e', '<f8'), ('omega', '<f8'), ('M0', '<f8'), ('s', '<f8'), ('P', '<f8'), ('ln_prior', '<f8')]), dtype('<f8')) -> None
2128163996051614080: unimodal=0, bimodal=-1, MCMC=0
2128164202210067200: is_P_Kmodal failed: ufunc 'add' did not contain a loop with signature matching types (dtype([('e', '<f8'), ('omega', '<f8'), ('M0', '<f8'), ('s', '<f8'), ('P', '<f8'), ('ln_prior', '<f8')]), dtype('<f8')) -> None
2128164202210067200: unimodal=0, bimodal=-1, MCMC=0
2128164717606184832: is_P_Kmodal failed: ufunc 'add' did not contain a loop with signature matching types (dtype([('e', '<f8'), ('omega', '<f8'), ('M0', '<f8'), ('s', '<f8'), ('P', '<f8'), ('ln_prior', '<f8')]), dtype('<f8')) -> None
2128164717606184832: unimodal=0, bimodal=-1, MCMC=0
2128164786325655936: skipping, no Joker samples
2128164855045149824: is_P_Kmodal failed: ufunc 'add' did not contain a loop with signature matching types (dtype([('e', '<f8'), ('omega', '<f8'), ('M0', '<f8'), ('s', '<f8'), ('P', '<f8'), ('ln_prior', '<f8')]), dtype('<f8')) -> None
2128164855045149824: unimodal=0, bimodal=-1, MCMC=0
2128164889404883072: is_P_Kmodal failed: ufunc 'add' did not contain a loop with signature matching types (dtype([('e', '<f8'), ('omega', '<f8'), ('M0', '<f8'), ('s', '<f8'), ('P', '<f8'), ('ln_prior', '<f8')]), dtype('<f8')) -> None
2128164889404883072: unimodal=0, bimodal=-1, MCMC=0
2128164889404884352: is_P_Kmodal failed: ufunc 'add' did not contain a loop with signature matching types (dtype([('e', '<f8'), ('omega', '<f8'), ('M0', '<f8'), ('s', '<f8'), ('P', '<f8'), ('ln_prior', '<f8')]), dtype('<f8')) -> None
2128164889404884352: unimodal=0, bimodal=-1, MCMC=0
2128164923758667904: is_P_Kmodal failed: ufunc 'add' did not contain a loop with signature matching types (dtype([('e', '<f8'), ('omega', '<f8'), ('M0', '<f8'), ('s', '<f8'), ('P', '<f8'), ('ln_prior', '<f8')]), dtype('<f8')) -> None
2128164923758667904: unimodal=0, bimodal=-1, MCMC=0
2128164923764629248: is_P_Kmodal failed: ufunc 'add' did not contain a loop with signature matching types (dtype([('e', '<f8'), ('omega', '<f8'), ('M0', '<f8'), ('s', '<f8'), ('P', '<f8'), ('ln_prior', '<f8')]), dtype('<f8')) -> None
2128164923764629248: unimodal=0, bimodal=-1, MCMC=0
2128165297420351744: is_P_Kmodal failed: ufunc 'add' did not contain a loop with signature matching types (dtype([('e', '<f8'), ('omega', '<f8'), ('M0', '<f8'), ('s', '<f8'), ('P', '<f8'), ('ln_prior', '<f8')]), dtype('<f8')) -> None
2128165297420351744: unimodal=0, bimodal=-1, MCMC=0
2128166298154150656: is_P_Kmodal failed: ufunc 'add' did not contain a loop with signature matching types (dtype([('e', '<f8'), ('omega', '<f8'), ('M0', '<f8'), ('s', '<f8'), ('P', '<f8'), ('ln_prior', '<f8')]), dtype('<f8')) -> None
2128166298154150656: unimodal=0, bimodal=-1, MCMC=0
2128167225867000576: skipping, no Joker samples
2128167255924804736: skipping, no Joker samples
2128167397665708928: is_P_Kmodal failed: ufunc 'add' did not contain a loop with signature matching types (dtype([('e', '<f8'), ('omega', '<f8'), ('M0', '<f8'), ('s', '<f8'), ('P', '<f8'), ('ln_prior', '<f8')]), dtype('<f8')) -> None
2128167397665708928: unimodal=0, bimodal=-1, MCMC=0
2128168256659148032: is_P_Kmodal failed: ufunc 'add' did not contain a loop with signature matching types (dtype([('e', '<f8'), ('omega', '<f8'), ('M0', '<f8'), ('s', '<f8'), ('P', '<f8'), ('ln_prior', '<f8')]), dtype('<f8')) -> None
2128168256659148032: unimodal=0, bimodal=-1, MCMC=0
2128168565896833664: is_P_Kmodal failed: ufunc 'add' did not contain a loop with signature matching types (dtype([('e', '<f8'), ('omega', '<f8'), ('M0', '<f8'), ('s', '<f8'), ('P', '<f8'), ('ln_prior', '<f8')]), dtype('<f8')) -> None
2128168565896833664: unimodal=0, bimodal=-1, MCMC=0
2128168703335801088: is_P_Kmodal failed: ufunc 'add' did not contain a loop with signature matching types (dtype([('e', '<f8'), ('omega', '<f8'), ('M0', '<f8'), ('s', '<f8'), ('P', '<f8'), ('ln_prior', '<f8')]), dtype('<f8')) -> None
2128168703335801088: unimodal=0, bimodal=-1, MCMC=0
2128169184372152320: is_P_Kmodal failed: ufunc 'add' did not contain a loop with signature matching types (dtype([('e', '<f8'), ('omega', '<f8'), ('M0', '<f8'), ('s', '<f8'), ('P', '<f8'), ('ln_prior', '<f8')]), dtype('<f8')) -> None
2128169184372152320: unimodal=0, bimodal=-1, MCMC=0
2128169218731896960: is_P_Kmodal failed: ufunc 'add' did not contain a loop with signature matching types (dtype([('e', '<f8'), ('omega', '<f8'), ('M0', '<f8'), ('s', '<f8'), ('P', '<f8'), ('ln_prior', '<f8')]), dtype('<f8')) -> None
2128169218731896960: unimodal=0, bimodal=-1, MCMC=0
2128169287451373440: is_P_Kmodal failed: ufunc 'add' did not contain a loop with signature matching types (dtype([('e', '<f8'), ('omega', '<f8'), ('M0', '<f8'), ('s', '<f8'), ('P', '<f8'), ('ln_prior', '<f8')]), dtype('<f8')) -> None
2128169287451373440: unimodal=0, bimodal=-1, MCMC=0
2128169699768179456: is_P_Kmodal failed: ufunc 'add' did not contain a loop with signature matching types (dtype([('e', '<f8'), ('omega', '<f8'), ('M0', '<f8'), ('s', '<f8'), ('P', '<f8'), ('ln_prior', '<f8')]), dtype('<f8')) -> None
2128169699768179456: unimodal=0, bimodal=-1, MCMC=0
2128171314676016896: is_P_Kmodal failed: ufunc 'add' did not contain a loop with signature matching types (dtype([('e', '<f8'), ('omega', '<f8'), ('M0', '<f8'), ('s', '<f8'), ('P', '<f8'), ('ln_prior', '<f8')]), dtype('<f8')) -> None
2128171314676016896: unimodal=0, bimodal=-1, MCMC=0
2128171349035744512: is_P_Kmodal failed: ufunc 'add' did not contain a loop with signature matching types (dtype([('e', '<f8'), ('omega', '<f8'), ('M0', '<f8'), ('s', '<f8'), ('P', '<f8'), ('ln_prior', '<f8')]), dtype('<f8')) -> None
2128171349035744512: unimodal=0, bimodal=-1, MCMC=0
2128171452114982016: is_P_Kmodal failed: ufunc 'add' did not contain a loop with signature matching types (dtype([('e', '<f8'), ('omega', '<f8'), ('M0', '<f8'), ('s', '<f8'), ('P', '<f8'), ('ln_prior', '<f8')]), dtype('<f8')) -> None
2128171452114982016: unimodal=0, bimodal=-1, MCMC=0
2128171933151259648: is_P_Kmodal failed: ufunc 'add' did not contain a loop with signature matching types (dtype([('e', '<f8'), ('omega', '<f8'), ('M0', '<f8'), ('s', '<f8'), ('P', '<f8'), ('ln_prior', '<f8')]), dtype('<f8')) -> None
2128171933151259648: unimodal=0, bimodal=-1, MCMC=0
2128172306810473728: is_P_Kmodal failed: ufunc 'add' did not contain a loop with signature matching types (dtype([('e', '<f8'), ('omega', '<f8'), ('M0', '<f8'), ('s', '<f8'), ('P', '<f8'), ('ln_prior', '<f8')]), dtype('<f8')) -> None
2128172306810473728: unimodal=0, bimodal=-1, MCMC=0
2128172787845115392: is_P_Kmodal failed: ufunc 'add' did not contain a loop with signature matching types (dtype([('e', '<f8'), ('omega', '<f8'), ('M0', '<f8'), ('s', '<f8'), ('P', '<f8'), ('ln_prior', '<f8')]), dtype('<f8')) -> None
2128172787845115392: unimodal=0, bimodal=-1, MCMC=0
2128173032662959232: unimodal=1, bimodal=0, MCMC=1
2128174097814830848: is_P_Kmodal failed: ufunc 'add' did not contain a loop with signature matching types (dtype([('e', '<f8'), ('omega', '<f8'), ('M0', '<f8'), ('s', '<f8'), ('P', '<f8'), ('ln_prior', '<f8')]), dtype('<f8')) -> None
2128174097814830848: unimodal=0, bimodal=-1, MCMC=0
2128174407053036928: is_P_Kmodal failed: ufunc 'add' did not contain a loop with signature matching types (dtype([('e', '<f8'), ('omega', '<f8'), ('M0', '<f8'), ('s', '<f8'), ('P', '<f8'), ('ln_prior', '<f8')]), dtype('<f8')) -> None
2128174407053036928: unimodal=0, bimodal=-1, MCMC=0
2128174608911452544: is_P_Kmodal failed: ufunc 'add' did not contain a loop with signature matching types (dtype([('e', '<f8'), ('omega', '<f8'), ('M0', '<f8'), ('s', '<f8'), ('P', '<f8'), ('ln_prior', '<f8')]), dtype('<f8')) -> None
2128174608911452544: unimodal=0, bimodal=-1, MCMC=0
2128174681930977152: is_P_Kmodal failed: ufunc 'add' did not contain a loop with signature matching types (dtype([('e', '<f8'), ('omega', '<f8'), ('M0', '<f8'), ('s', '<f8'), ('P', '<f8'), ('ln_prior', '<f8')]), dtype('<f8')) -> None
2128174681930977152: unimodal=0, bimodal=-1, MCMC=0
2128174956804974848: is_P_Kmodal failed: ufunc 'add' did not contain a loop with signature matching types (dtype([('e', '<f8'), ('omega', '<f8'), ('M0', '<f8'), ('s', '<f8'), ('P', '<f8'), ('ln_prior', '<f8')]), dtype('<f8')) -> None
2128174956804974848: unimodal=0, bimodal=-1, MCMC=0
2128175055588230016: is_P_Kmodal failed: ufunc 'add' did not contain a loop with signature matching types (dtype([('e', '<f8'), ('omega', '<f8'), ('M0', '<f8'), ('s', '<f8'), ('P', '<f8'), ('ln_prior', '<f8')]), dtype('<f8')) -> None
2128175055588230016: unimodal=0, bimodal=-1, MCMC=0
2128175094247847680: is_P_Kmodal failed: ufunc 'add' did not contain a loop with signature matching types (dtype([('e', '<f8'), ('omega', '<f8'), ('M0', '<f8'), ('s', '<f8'), ('P', '<f8'), ('ln_prior', '<f8')]), dtype('<f8')) -> None
2128175094247847680: unimodal=0, bimodal=-1, MCMC=0
2128175128606916096: is_P_Kmodal failed: ufunc 'add' did not contain a loop with signature matching types (dtype([('e', '<f8'), ('omega', '<f8'), ('M0', '<f8'), ('s', '<f8'), ('P', '<f8'), ('ln_prior', '<f8')]), dtype('<f8')) -> None
2128175128606916096: unimodal=0, bimodal=-1, MCMC=0
2128175334765924608: is_P_Kmodal failed: ufunc 'add' did not contain a loop with signature matching types (dtype([('e', '<f8'), ('omega', '<f8'), ('M0', '<f8'), ('s', '<f8'), ('P', '<f8'), ('ln_prior', '<f8')]), dtype('<f8')) -> None
2128175334765924608: unimodal=0, bimodal=-1, MCMC=0
2128175369125668992: is_P_Kmodal failed: ufunc 'add' did not contain a loop with signature matching types (dtype([('e', '<f8'), ('omega', '<f8'), ('M0', '<f8'), ('s', '<f8'), ('P', '<f8'), ('ln_prior', '<f8')]), dtype('<f8')) -> None
2128175369125668992: unimodal=0, bimodal=-1, MCMC=0
2128176159399665792: is_P_Kmodal failed: ufunc 'add' did not contain a loop with signature matching types (dtype([('e', '<f8'), ('omega', '<f8'), ('M0', '<f8'), ('s', '<f8'), ('P', '<f8'), ('ln_prior', '<f8')]), dtype('<f8')) -> None
2128176159399665792: unimodal=0, bimodal=-1, MCMC=0
2128177121472317184: is_P_Kmodal failed: ufunc 'add' did not contain a loop with signature matching types (dtype([('e', '<f8'), ('omega', '<f8'), ('M0', '<f8'), ('s', '<f8'), ('P', '<f8'), ('ln_prior', '<f8')]), dtype('<f8')) -> None
2128177121472317184: unimodal=0, bimodal=-1, MCMC=0
2128177258911286656: is_P_Kmodal failed: ufunc 'add' did not contain a loop with signature matching types (dtype([('e', '<f8'), ('omega', '<f8'), ('M0', '<f8'), ('s', '<f8'), ('P', '<f8'), ('ln_prior', '<f8')]), dtype('<f8')) -> None
2128177258911286656: unimodal=0, bimodal=-1, MCMC=0
2128177499429500672: is_P_Kmodal failed: ufunc 'add' did not contain a loop with signature matching types (dtype([('e', '<f8'), ('omega', '<f8'), ('M0', '<f8'), ('s', '<f8'), ('P', '<f8'), ('ln_prior', '<f8')]), dtype('<f8')) -> None
2128177499429500672: unimodal=0, bimodal=-1, MCMC=0
2128197393717509504: is_P_Kmodal failed: ufunc 'add' did not contain a loop with signature matching types (dtype([('e', '<f8'), ('omega', '<f8'), ('M0', '<f8'), ('s', '<f8'), ('P', '<f8'), ('ln_prior', '<f8')]), dtype('<f8')) -> None
2128197393717509504: unimodal=0, bimodal=-1, MCMC=0
2128197668595455360: is_P_Kmodal failed: ufunc 'add' did not contain a loop with signature matching types (dtype([('e', '<f8'), ('omega', '<f8'), ('M0', '<f8'), ('s', '<f8'), ('P', '<f8'), ('ln_prior', '<f8')]), dtype('<f8')) -> None
2128197668595455360: unimodal=0, bimodal=-1, MCMC=0
2128198012193387008: is_P_Kmodal failed: ufunc 'add' did not contain a loop with signature matching types (dtype([('e', '<f8'), ('omega', '<f8'), ('M0', '<f8'), ('s', '<f8'), ('P', '<f8'), ('ln_prior', '<f8')]), dtype('<f8')) -> None
2128198012193387008: unimodal=0, bimodal=-1, MCMC=0
2128198046553137664: is_P_Kmodal failed: ufunc 'add' did not contain a loop with signature matching types (dtype([('e', '<f8'), ('omega', '<f8'), ('M0', '<f8'), ('s', '<f8'), ('P', '<f8'), ('ln_prior', '<f8')]), dtype('<f8')) -> None
2128198046553137664: unimodal=0, bimodal=-1, MCMC=0
2128198321431008896: is_P_Kmodal failed: ufunc 'add' did not contain a loop with signature matching types (dtype([('e', '<f8'), ('omega', '<f8'), ('M0', '<f8'), ('s', '<f8'), ('P', '<f8'), ('ln_prior', '<f8')]), dtype('<f8')) -> None
2128198321431008896: unimodal=0, bimodal=-1, MCMC=0
2128198527589437696: is_P_Kmodal failed: ufunc 'add' did not contain a loop with signature matching types (dtype([('e', '<f8'), ('omega', '<f8'), ('M0', '<f8'), ('s', '<f8'), ('P', '<f8'), ('ln_prior', '<f8')]), dtype('<f8')) -> None
2128198527589437696: unimodal=0, bimodal=-1, MCMC=0
2128198626368838528: is_P_Kmodal failed: ufunc 'add' did not contain a loop with signature matching types (dtype([('e', '<f8'), ('omega', '<f8'), ('M0', '<f8'), ('s', '<f8'), ('P', '<f8'), ('ln_prior', '<f8')]), dtype('<f8')) -> None
2128198626368838528: unimodal=0, bimodal=-1, MCMC=0
2128198630664893952: is_P_Kmodal failed: ufunc 'add' did not contain a loop with signature matching types (dtype([('e', '<f8'), ('omega', '<f8'), ('M0', '<f8'), ('s', '<f8'), ('P', '<f8'), ('ln_prior', '<f8')]), dtype('<f8')) -> None
2128198630664893952: unimodal=0, bimodal=-1, MCMC=0
2128198836827103616: is_P_Kmodal failed: ufunc 'add' did not contain a loop with signature matching types (dtype([('e', '<f8'), ('omega', '<f8'), ('M0', '<f8'), ('s', '<f8'), ('P', '<f8'), ('ln_prior', '<f8')]), dtype('<f8')) -> None
2128198836827103616: unimodal=0, bimodal=-1, MCMC=0
2128199111705008384: is_P_Kmodal failed: ufunc 'add' did not contain a loop with signature matching types (dtype([('e', '<f8'), ('omega', '<f8'), ('M0', '<f8'), ('s', '<f8'), ('P', '<f8'), ('ln_prior', '<f8')]), dtype('<f8')) -> None
2128199111705008384: unimodal=0, bimodal=-1, MCMC=0
2128199627101138304: skipping, no Joker samples
2128199661460867840: skipping, no Joker samples
2128199901979088896: is_P_Kmodal failed: ufunc 'add' did not contain a loop with signature matching types (dtype([('e', '<f8'), ('omega', '<f8'), ('M0', '<f8'), ('s', '<f8'), ('P', '<f8'), ('ln_prior', '<f8')]), dtype('<f8')) -> None
2128199901979088896: unimodal=0, bimodal=-1, MCMC=0
2128201207649151872: is_P_Kmodal failed: ufunc 'add' did not contain a loop with signature matching types (dtype([('e', '<f8'), ('omega', '<f8'), ('M0', '<f8'), ('s', '<f8'), ('P', '<f8'), ('ln_prior', '<f8')]), dtype('<f8')) -> None
2128201207649151872: unimodal=0, bimodal=-1, MCMC=0
2128201516886658816: is_P_Kmodal failed: ufunc 'add' did not contain a loop with signature matching types (dtype([('e', '<f8'), ('omega', '<f8'), ('M0', '<f8'), ('s', '<f8'), ('P', '<f8'), ('ln_prior', '<f8')]), dtype('<f8')) -> None
2128201516886658816: unimodal=0, bimodal=-1, MCMC=0
2128513915626285184: is_P_Kmodal failed: ufunc 'add' did not contain a loop with signature matching types (dtype([('e', '<f8'), ('omega', '<f8'), ('M0', '<f8'), ('s', '<f8'), ('P', '<f8'), ('ln_prior', '<f8')]), dtype('<f8')) -> None
2128513915626285184: unimodal=0, bimodal=-1, MCMC=0
2128514053065222144: is_P_Kmodal failed: ufunc 'add' did not contain a loop with signature matching types (dtype([('e', '<f8'), ('omega', '<f8'), ('M0', '<f8'), ('s', '<f8'), ('P', '<f8'), ('ln_prior', '<f8')]), dtype('<f8')) -> None
2128514053065222144: unimodal=0, bimodal=-1, MCMC=0
2128514912058685056: skipping, no Joker samples
2128514946418416128: is_P_Kmodal failed: ufunc 'add' did not contain a loop with signature matching types (dtype([('e', '<f8'), ('omega', '<f8'), ('M0', '<f8'), ('s', '<f8'), ('P', '<f8'), ('ln_prior', '<f8')]), dtype('<f8')) -> None
2128514946418416128: unimodal=0, bimodal=-1, MCMC=0
2128515216999497600: skipping, no Joker samples
2128515255656061696: is_P_Kmodal failed: ufunc 'add' did not contain a loop with signature matching types (dtype([('e', '<f8'), ('omega', '<f8'), ('M0', '<f8'), ('s', '<f8'), ('P', '<f8'), ('ln_prior', '<f8')]), dtype('<f8')) -> None
2128515255656061696: unimodal=0, bimodal=-1, MCMC=0
2128515496174251008: is_P_Kmodal failed: ufunc 'add' did not contain a loop with signature matching types (dtype([('e', '<f8'), ('omega', '<f8'), ('M0', '<f8'), ('s', '<f8'), ('P', '<f8'), ('ln_prior', '<f8')]), dtype('<f8')) -> None
2128515496174251008: unimodal=0, bimodal=-1, MCMC=0
2128519310105184512: is_P_Kmodal failed: ufunc 'add' did not contain a loop with signature matching types (dtype([('e', '<f8'), ('omega', '<f8'), ('M0', '<f8'), ('s', '<f8'), ('P', '<f8'), ('ln_prior', '<f8')]), dtype('<f8')) -> None
2128519310105184512: unimodal=0, bimodal=-1, MCMC=0
2128519688062306816: is_P_Kmodal failed: ufunc 'add' did not contain a loop with signature matching types (dtype([('e', '<f8'), ('omega', '<f8'), ('M0', '<f8'), ('s', '<f8'), ('P', '<f8'), ('ln_prior', '<f8')]), dtype('<f8')) -> None
2128519688062306816: unimodal=0, bimodal=-1, MCMC=0
2128519756781782784: is_P_Kmodal failed: ufunc 'add' did not contain a loop with signature matching types (dtype([('e', '<f8'), ('omega', '<f8'), ('M0', '<f8'), ('s', '<f8'), ('P', '<f8'), ('ln_prior', '<f8')]), dtype('<f8')) -> None
2128519756781782784: unimodal=0, bimodal=-1, MCMC=0
2128519791141522944: skipping, no Joker samples
2128531370373341056: skipping, no Joker samples
wrote bimodalcheck_200M_phase.csv
